-- phpMyAdmin SQL Dump
-- version 5.0.4
-- https://www.phpmyadmin.net/
--
-- Host: 127.0.0.1
-- Generation Time: Feb 02, 2021 at 06:25 PM
-- Server version: 10.1.38-MariaDB
-- PHP Version: 7.3.2

SET SQL_MODE = "NO_AUTO_VALUE_ON_ZERO";
START TRANSACTION;
SET time_zone = "+00:00";


/*!40101 SET @OLD_CHARACTER_SET_CLIENT=@@CHARACTER_SET_CLIENT */;
/*!40101 SET @OLD_CHARACTER_SET_RESULTS=@@CHARACTER_SET_RESULTS */;
/*!40101 SET @OLD_COLLATION_CONNECTION=@@COLLATION_CONNECTION */;
/*!40101 SET NAMES utf8mb4 */;

--
-- Database: `db_e-filing`
--
drop database if exists `db_e-filing`;
create database `db_e-filing`;
use `db_e-filing`;

-- --------------------------------------------------------

--
-- Table structure for table `tbl_config`
--

CREATE TABLE `tbl_config` (
  `no` int(11) NOT NULL,
  `thn_dokumen` int(11) NOT NULL,
  `nm_group` varchar(25) NOT NULL,
  `status` int(11) NOT NULL,
  `CreateDate` datetime NOT NULL DEFAULT CURRENT_TIMESTAMP
) ENGINE=InnoDB DEFAULT CHARSET=latin1;

--
-- Dumping data for table `tbl_config`
--

INSERT INTO `tbl_config` (`no`, `thn_dokumen`, `nm_group`, `status`, `CreateDate`) VALUES
(1, 2021, 'SMG', 1, '2021-02-01 16:16:41');

-- --------------------------------------------------------

--
-- Table structure for table `tbl_dok_keluar`
--

CREATE TABLE `tbl_dok_keluar` (
  `id_dokumen` int(11) NOT NULL,
  `no_dokumen` varchar(50) NOT NULL,
  `jns_dokumen` int(11) NOT NULL,
  `dari` varchar(25) NOT NULL,
  `unit_tujuan` text NOT NULL,
  `perihal` text NOT NULL,
  `pembuat` int(11) NOT NULL,
  `lampiran` int(11) NOT NULL,
  `kategori` char(25) NOT NULL,
  `sts_dokumen` varchar(50) NOT NULL,
  `catatan` text,
  `path_folder` varchar(50) DEFAULT NULL,
  `file_dokumen` text,
  `createDate` datetime NOT NULL DEFAULT CURRENT_TIMESTAMP
) ENGINE=InnoDB DEFAULT CHARSET=latin1;

--
-- Dumping data for table `tbl_dok_keluar`
--

INSERT INTO `tbl_dok_keluar` (`id_dokumen`, `no_dokumen`, `jns_dokumen`, `dari`, `unit_tujuan`, `perihal`, `pembuat`, `lampiran`, `kategori`, `sts_dokumen`, `catatan`, `path_folder`, `file_dokumen`, `createDate`) VALUES
(1, '01/0001-1/SMG', 1, 'SMG', 'a:1:{i:0;s:33:\"SCG - STRATEGIC PROCUREMENT GROUP\";}', 'PENYAMPAIAN INFORMASI PERALIHAN PERLENGKAPAN KANTOR', 8, 1, '1', 'Booking', NULL, NULL, NULL, '2021-02-02 13:59:59'),
(2, '01/0002-1/SMG', 1, 'SMG', 'a:1:{i:0;s:33:\"SCG - STRATEGIC PROCUREMENT GROUP\";}', 'PENARIKAN KABEL LAN', 10, 0, '1', 'Booking', NULL, NULL, NULL, '2021-02-02 14:00:36'),
(3, '01/0001-3/SMG', 3, 'SMG', 'a:1:{i:0;s:13:\"RO &amp; Area\";}', 'SURAT ARAHAN FOKUS BISNIS SEGMENT SEMESTER I TAHUN 2021', 8, 0, '1', 'Booking', NULL, NULL, NULL, '2021-02-02 14:01:52'),
(4, '01/0002-3/SMG', 3, 'SMG', 'a:1:{i:0;s:13:\"RO &amp; Area\";}', 'PENETAPAN SINGLE PRICE PEMBIAYAAN SME', 4, 0, '1', 'Booking', NULL, NULL, NULL, '2021-02-02 14:02:40');

-- --------------------------------------------------------

--
-- Table structure for table `tbl_dok_masuk`
--

CREATE TABLE `tbl_dok_masuk` (
  `id_dokumen` int(11) NOT NULL,
  `no_dokumen` varchar(50) NOT NULL,
  `jns_dokumen` int(11) NOT NULL,
  `dari` varchar(50) NOT NULL,
  `perihal` text NOT NULL,
  `lampiran` int(11) NOT NULL,
  `kategori` int(11) NOT NULL,
  `tgl_dokumen` date NOT NULL,
  `tgl_disposisi` date DEFAULT NULL,
  `disposisi` text,
  `catatan` text,
  `path_folder` varchar(50) DEFAULT NULL,
  `file_dokumen` text,
  `tgl_diterima` date NOT NULL,
  `createDate` datetime NOT NULL DEFAULT CURRENT_TIMESTAMP
) ENGINE=InnoDB DEFAULT CHARSET=latin1;

--
-- Dumping data for table `tbl_dok_masuk`
--

INSERT INTO `tbl_dok_masuk` (`id_dokumen`, `no_dokumen`, `jns_dokumen`, `dari`, `perihal`, `lampiran`, `kategori`, `tgl_dokumen`, `tgl_disposisi`, `disposisi`, `catatan`, `path_folder`, `file_dokumen`, `tgl_diterima`, `createDate`) VALUES
(1, '01/0003-1/DSG', 1, 'DSG - DISTRIBUTION STRATEGY GROUP', 'UNDANGAN RAPAT KOORDINASI PERIHAL RENCANA SOSIALISASI WHOLESALE RETAIL &AMP; RETAIL RETAIL KEPADA CABANG EX BNIS &AMP; EX BRIS', 0, 1, '2021-02-02', '2021-02-02', 'a:1:{i:0;s:19:\"Erik Mahfud Fahtoni\";}', NULL, NULL, NULL, '2021-02-02', '2021-02-02 15:27:41');

-- --------------------------------------------------------

--
-- Table structure for table `tbl_jabatan`
--

CREATE TABLE `tbl_jabatan` (
  `id_jabatan` int(11) NOT NULL,
  `nm_jabatan` varchar(100) NOT NULL,
  `createDate` datetime NOT NULL DEFAULT CURRENT_TIMESTAMP
) ENGINE=InnoDB DEFAULT CHARSET=latin1;

--
-- Dumping data for table `tbl_jabatan`
--

INSERT INTO `tbl_jabatan` (`id_jabatan`, `nm_jabatan`, `createDate`) VALUES
(1, 'Group Head', '2021-01-28 18:30:08'),
(2, 'Department Head', '2021-01-28 18:31:04'),
(3, 'Officer', '2021-01-28 18:31:16'),
(4, 'Staff', '2021-01-28 18:31:28');

-- --------------------------------------------------------

--
-- Table structure for table `tbl_jns_dokumen`
--

CREATE TABLE `tbl_jns_dokumen` (
  `id_jns_dokumen` int(11) NOT NULL,
  `jns_dokumen` varchar(100) NOT NULL,
  `keterangan` varchar(100) NOT NULL,
  `counter_dokumen` int(11) NOT NULL,
  `createDate` datetime NOT NULL DEFAULT CURRENT_TIMESTAMP
) ENGINE=InnoDB DEFAULT CHARSET=latin1;

--
-- Dumping data for table `tbl_jns_dokumen`
--

INSERT INTO `tbl_jns_dokumen` (`id_jns_dokumen`, `jns_dokumen`, `keterangan`, `counter_dokumen`, `createDate`) VALUES
(1, 'Memo', 'Memo Group', 2, '2021-01-27 00:00:00'),
(2, 'Nota', 'Nota Group', 0, '2021-01-27 00:00:00'),
(3, 'Surat', 'Surat Group', 2, '2021-01-27 00:00:00');

-- --------------------------------------------------------

--
-- Table structure for table `tbl_kategori`
--

CREATE TABLE `tbl_kategori` (
  `id_kategori` int(11) NOT NULL,
  `jns_kategori` varchar(100) NOT NULL,
  `keterangan` varchar(100) NOT NULL,
  `createDate` datetime NOT NULL DEFAULT CURRENT_TIMESTAMP
) ENGINE=InnoDB DEFAULT CHARSET=latin1;

--
-- Dumping data for table `tbl_kategori`
--

INSERT INTO `tbl_kategori` (`id_kategori`, `jns_kategori`, `keterangan`, `createDate`) VALUES
(1, 'Umum', 'Dokumen biasa', '2021-01-28 09:59:30'),
(2, 'Urgent', 'Dokumen segera dikirim', '2021-01-28 10:08:38'),
(3, 'Private', 'Dokumen pribadi', '2021-01-28 10:09:42'),
(4, 'Confidential', 'Dokumen rahasia', '2021-01-28 10:10:02'),
(5, 'Private &amp; Confidential', 'Dokumen pribadi dan rahasia', '2021-01-28 10:11:06');

-- --------------------------------------------------------

--
-- Table structure for table `tbl_pegawai`
--

CREATE TABLE `tbl_pegawai` (
  `id_pegawai` int(11) NOT NULL,
  `nm_pegawai` varchar(100) NOT NULL,
  `id_jabatan` int(11) NOT NULL,
  `createDate` datetime NOT NULL DEFAULT CURRENT_TIMESTAMP
) ENGINE=InnoDB DEFAULT CHARSET=latin1;

--
-- Dumping data for table `tbl_pegawai`
--

INSERT INTO `tbl_pegawai` (`id_pegawai`, `nm_pegawai`, `id_jabatan`, `createDate`) VALUES
(1, 'Okky F Achamd', 1, '2021-01-29 09:25:39'),
(2, 'Risqi Widayat', 2, '2021-01-29 09:25:52'),
(3, 'M Syukron Habiby', 2, '2021-01-29 09:26:06'),
(4, 'Erik Mahfud Fahtoni', 3, '2021-02-02 08:06:27'),
(5, 'Jerri Fabian Irman', 3, '2021-02-02 08:06:48'),
(6, 'Abda Arief', 3, '2021-02-02 08:07:03'),
(7, 'Tohani', 3, '2021-02-02 08:07:24'),
(8, 'Sylvi Oktarina', 3, '2021-02-02 08:07:41'),
(9, 'Ade Fatimah Rahmawati', 4, '2021-02-02 08:07:58'),
(10, 'Imam Maulana Ibrahim', 4, '2021-02-02 08:08:09'),
(11, 'Fatma Sri Santrini', 3, '2021-02-02 08:08:23'),
(12, 'Fajar Ramadhan', 3, '2021-02-02 08:08:40'),
(13, 'Galih Ngesti Pertiwi', 4, '2021-02-02 08:09:04'),
(14, 'Herman Susanto', 3, '2021-02-02 08:09:14');

-- --------------------------------------------------------

--
-- Table structure for table `tbl_unit`
--

CREATE TABLE `tbl_unit` (
  `no` int(11) NOT NULL,
  `kd_unit` varchar(50) NOT NULL,
  `nm_unit` text NOT NULL,
  `createDate` datetime NOT NULL DEFAULT CURRENT_TIMESTAMP
) ENGINE=InnoDB DEFAULT CHARSET=latin1;

--
-- Dumping data for table `tbl_unit`
--

INSERT INTO `tbl_unit` (`no`, `kd_unit`, `nm_unit`, `createDate`) VALUES
(1, 'APG', 'AUDIT POLICY &AMP; COUNTERPART GROUP', '2021-02-01 15:31:25'),
(2, 'BP1', 'HUMAN CAPITAL BUSINESS PARTNER 1 GROUP', '2021-02-01 16:10:00'),
(3, 'BP2', 'HUMAN CAPITAL BUSINESS PARTNER 2 GROUP', '2021-02-01 16:10:13'),
(4, 'CB1', 'CORPORATE BUSINESS 1 GROUP', '2021-02-01 15:47:09'),
(5, 'CB2', 'CORPORATE BUSINESS 2 GROUP', '2021-02-01 15:47:28'),
(6, 'CBG', 'CARD BUSINESS GROUP', '2021-02-01 15:50:43'),
(7, 'CCG', 'CUSTOMER CARE GROUP', '2021-02-01 15:58:59'),
(8, 'CF1', 'CONSUMER BUSINESS 1 GROUP', '2021-02-01 15:51:11'),
(9, 'CF2', 'CONSUMER BUSINESS 2 GROUP', '2021-02-01 15:51:20'),
(10, 'CFA', 'CORPORATE FINANCE &AMP; ACCOUNTING GROUP', '2021-02-01 16:12:17'),
(11, 'CFG', 'CORPORATE FINANCE &AMP; SOLUTION GROUP', '2021-02-01 15:46:40'),
(12, 'CMG', 'COMMERCIAL BUSINESS GROUP', '2021-02-01 15:48:06'),
(13, 'CMR', 'COMMERCIAL RISK GROUP', '2021-02-01 16:07:41'),
(14, 'CPG', 'COMPLAIANCE GROUP', '2021-02-01 16:08:35'),
(15, 'CRR', 'CORPORATE RISK GROUP', '2021-02-01 16:07:22'),
(16, 'CSG', 'CORPORATE SECRETARY &AMP; COMMUNICATION GROUP', '2021-02-01 15:45:13'),
(17, 'CTG', 'CASH &AMP; TRADE OPERATIONS GROUP', '2021-02-01 15:57:39'),
(18, 'DBB', 'DIGITAL BANKING BUSINESS GROUP', '2021-02-01 15:49:30'),
(19, 'DBG', 'IT DIGITAL BANKING DEVELOPMENT GROUP', '2021-02-01 15:56:16'),
(20, 'DBO', 'DIGITAL BANKING &AMP; ECHANNEL OPERATIONS GROUP', '2021-02-01 16:01:35'),
(21, 'DSG', 'DISTRIBUTION STRATEGY GROUP', '2021-02-01 15:52:13'),
(22, 'FHG', 'RETAIL FUNDING, HAJJ &AMP; UMRAH GROUP', '2021-02-01 15:52:52'),
(23, 'FOG', 'FINANCING OPERATIONS GROUP', '2021-02-01 15:57:16'),
(24, 'HCP', 'HUMAN CAPITAL PLANNING &AMP; STRATEGY GROUP', '2021-02-01 16:09:25'),
(25, 'HCS', 'HUMAN CAPITAL SERVICES GROUP', '2021-02-01 16:10:42'),
(26, 'IB1', 'INSTITUTIONAL BANKING 1 GROUP', '2021-02-01 15:53:43'),
(27, 'IB2', 'INSTITUTIONAL BANKING 2 GROUP', '2021-02-01 15:53:52'),
(28, 'ID0010002', 'KC JAKARTA THAMRIN', '2021-01-28 16:10:17'),
(29, 'ID0010003', 'KC JAKARTA HASANUDIN', '2021-01-28 16:10:17'),
(30, 'ID0010004', 'KC JAKARTA MAYESTIK', '2021-01-28 16:10:17'),
(31, 'ID0010005', 'KC JAKARTA WARUNG BUNCIT', '2021-01-28 16:10:17'),
(32, 'ID0010006', 'KC JAKARTA PONDOK INDAH', '2021-01-28 16:10:17'),
(33, 'ID0010007', 'KC BEKASI 1', '2021-01-28 16:10:17'),
(34, 'ID0010008', 'KC MEDAN A YANI', '2021-01-28 16:10:17'),
(35, 'ID0010009', 'KC BANDUNG JUANDA', '2021-01-28 16:10:17'),
(36, 'ID0010010', 'KC SURABAYA 1', '2021-01-28 16:10:17'),
(37, 'ID0010011', 'KC ACEH', '2021-01-28 16:10:17'),
(38, 'ID0010012', 'KC PEKALONGAN 1', '2021-01-28 16:10:17'),
(39, 'ID0010013', 'KC SOLO', '2021-01-28 16:10:17'),
(40, 'ID0010014', 'KC PAMEKASAN', '2021-01-28 16:10:17'),
(41, 'ID0010015', 'KC MAKASSAR 1', '2021-01-28 16:10:17'),
(42, 'ID0010016', 'KC BANJARMASIN', '2021-01-28 16:10:17'),
(43, 'ID0010017', 'KC BOGOR 1', '2021-01-28 16:10:17'),
(44, 'ID0010018', 'KC TANGERANG 1', '2021-01-28 16:10:17'),
(45, 'ID0010019', 'KC PALEMBANG DEMANG', '2021-01-28 16:10:17'),
(46, 'ID0010020', 'KC CILEGON TIRTAYASA', '2021-01-28 16:10:17'),
(47, 'ID0010021', 'KC JAKARTA TANJUNG PRIOK', '2021-01-28 16:10:17'),
(48, 'ID0010022', 'KC PEKANBARU 1', '2021-01-28 16:10:17'),
(49, 'ID0010023', 'KC BALIKPAPAN 1', '2021-01-28 16:10:17'),
(50, 'ID0010024', 'KC CIREBON DR CIPTO', '2021-01-28 16:10:17'),
(51, 'ID0010025', 'KC SIMEULUE', '2021-01-28 16:10:17'),
(52, 'ID0010026', 'KC PONTIANAK ABDURRACHMAN', '2021-01-28 16:10:17'),
(53, 'ID0010027', 'KC PADANG 1', '2021-01-28 16:10:17'),
(54, 'ID0010028', 'KC MALANG SUTOYO', '2021-01-28 16:10:17'),
(55, 'ID0010029', 'KC YOGYAKARTA 1', '2021-01-28 16:10:17'),
(56, 'ID0010030', 'KC RANTAU PRAPAT', '2021-01-28 16:10:17'),
(57, 'ID0010031', 'KC MATARAM HASANUDIN', '2021-01-28 16:10:17'),
(58, 'ID0010032', 'KC JAMBI GATOT SUBROTO', '2021-01-28 16:10:17'),
(59, 'ID0010033', 'KC JAKARTA SAHARJO', '2021-01-28 16:10:17'),
(60, 'ID0010034', 'KC BATAM', '2021-01-28 16:10:17'),
(61, 'ID0010035', 'KC JAKARTA RAWAMANGUN', '2021-01-28 16:10:17'),
(62, 'ID0010036', 'KC SAMARINDA ANTASARI', '2021-01-28 16:10:17'),
(63, 'ID0010037', 'KC BANDAR LAMPUNG', '2021-01-28 16:10:17'),
(64, 'ID0010038', 'KC PALU 1', '2021-01-28 16:10:17'),
(65, 'ID0010039', 'KC BUKITTINGGI 1', '2021-01-28 16:10:17'),
(66, 'ID0010040', 'KC SEMARANG PANDANARAN', '2021-01-28 16:10:17'),
(67, 'ID0010041', 'KC KUTAI KARTANEGARA', '2021-01-28 16:10:17'),
(68, 'ID0010042', 'KC TASIKMALAYA 1', '2021-01-28 16:10:17'),
(69, 'ID0010043', 'KC PADANGSIDEMPUAN', '2021-01-28 16:10:17'),
(70, 'ID0010044', 'KC DUMAI', '2021-01-28 16:10:17'),
(71, 'ID0010045', 'KC KEBON JERUK ARTERI', '2021-01-28 16:10:17'),
(72, 'ID0010046', 'KC DEPOK 1', '2021-01-28 16:10:17'),
(73, 'ID0010047', 'KC BINJAI', '2021-01-28 16:10:17'),
(74, 'ID0010048', 'KC KEDIRI HAYAM WURUK', '2021-01-28 16:10:17'),
(75, 'ID0010049', 'KC PEMATANGSIANTAR', '2021-01-28 16:10:17'),
(76, 'ID0010050', 'KC PURWAKARTA', '2021-01-28 16:10:17'),
(77, 'ID0010051', 'KC JEMBER SUDIRMAN', '2021-01-28 16:10:17'),
(78, 'ID0010052', 'KC MANADO', '2021-01-28 16:10:17'),
(79, 'ID0010053', 'KC DENPASAR BY PASS', '2021-01-28 16:10:17'),
(80, 'ID0010054', 'KC JAYAPURA', '2021-01-28 16:10:17'),
(81, 'ID0010055', 'KC LANGSA 1', '2021-01-28 16:10:17'),
(82, 'ID0010056', 'KC BENGKULU S PARMAN', '2021-01-28 16:10:17'),
(83, 'ID0010057', 'KC PURWOKERTO 1', '2021-01-28 16:10:17'),
(84, 'ID0010058', 'KC JAKARTA KELAPA GADING', '2021-01-28 16:10:17'),
(85, 'ID0010059', 'KC TANJUNG PINANG', '2021-01-28 16:10:17'),
(86, 'ID0010060', 'KC BANYUWANGI', '2021-01-28 16:10:17'),
(87, 'ID0010061', 'KC JAKARTA PONDOK KELAPA', '2021-01-28 16:10:17'),
(88, 'ID0010062', 'KC GORONTALO', '2021-01-28 16:10:17'),
(89, 'ID0010063', 'KC PANGKAL PINANG', '2021-01-28 16:10:17'),
(90, 'ID0010064', 'KC TERNATE 1', '2021-01-28 16:10:17'),
(91, 'ID0010065', 'KC MAMUJU', '2021-01-28 16:10:17'),
(92, 'ID0010066', 'KC PALANGKARAYA 2', '2021-01-28 16:10:17'),
(93, 'ID0010067', 'KCP JAKARTA FATMAWATI', '2021-01-28 16:10:17'),
(94, 'ID0010068', 'KCP JAKARTA WOLTERMONGINSIDI', '2021-01-28 16:10:17'),
(95, 'ID0010069', 'KC JAKARTA CIPULIR', '2021-01-28 16:10:17'),
(96, 'ID0010071', 'KCP JAKARTA BENDUNGAN HILIR', '2021-01-28 16:10:17'),
(97, 'ID0010072', 'KC JAKARTA CIBUBUR', '2021-01-28 16:10:17'),
(98, 'ID0010073', 'KCP JAKARTA CILILITAN', '2021-01-28 16:10:17'),
(99, 'ID0010074', 'KCP JAKARTA PASAR MINGGU', '2021-01-28 16:10:17'),
(100, 'ID0010075', 'KC TANGERANG CIPUTAT', '2021-01-28 16:10:17'),
(101, 'ID0010076', 'KCP JAKARTA PONDOK LABU', '2021-01-28 16:10:17'),
(102, 'ID0010077', 'KC TANGERANG BINTARO', '2021-01-28 16:10:17'),
(103, 'ID0010078', 'KCP DEPOK CINERE', '2021-01-28 16:10:17'),
(104, 'ID0010079', 'KCP TANGERANG PAMULANG', '2021-01-28 16:10:17'),
(105, 'ID0010080', 'KCP JAKARTA CILANDAK', '2021-01-28 16:10:17'),
(106, 'ID0010081', 'KC BEKASI CIKARANG', '2021-01-28 16:10:17'),
(107, 'ID0010082', 'KC BEKASI PONDOK GEDE', '2021-01-28 16:10:17'),
(108, 'ID0010083', 'KCP KARAWANG', '2021-01-28 16:10:17'),
(109, 'ID0010084', 'KCP CIKAMPEK A YANI', '2021-01-28 16:10:17'),
(110, 'ID0010085', 'KCP BEKASI TIMUR', '2021-01-28 16:10:17'),
(111, 'ID0010086', 'KCP BEKASI TAMBUN 1', '2021-01-28 16:10:17'),
(112, 'ID0010087', 'KCP TEBING TINGGI 1', '2021-01-28 16:10:17'),
(113, 'ID0010088', 'KC MEDAN KAMPUNG BARU', '2021-01-28 16:10:17'),
(114, 'ID0010089', 'KC MEDAN AKSARA', '2021-01-28 16:10:17'),
(115, 'ID0010090', 'KCP MEDAN SETIA BUDI', '2021-01-28 16:10:17'),
(116, 'ID0010091', 'KC CIMAHI', '2021-01-28 16:10:17'),
(117, 'ID0010092', 'KC CIANJUR', '2021-01-28 16:10:17'),
(118, 'ID0010093', 'KC SUKABUMI SUDIRMAN', '2021-01-28 16:10:17'),
(119, 'ID0010094', 'KC GARUT', '2021-01-28 16:10:17'),
(120, 'ID0010095', 'KCP BANDUNG BUAH BATU 1', '2021-01-28 16:10:17'),
(121, 'ID0010096', 'KCP BANDUNG SETIA BUDI', '2021-01-28 16:10:17'),
(122, 'ID0010097', 'KCP SUMEDANG 1', '2021-01-28 16:10:17'),
(123, 'ID0010098', 'KC SIDOARJO', '2021-01-28 16:10:17'),
(124, 'ID0010099', 'KC GRESIK', '2021-01-28 16:10:17'),
(125, 'ID0010100', 'KC BOJONEGORO', '2021-01-28 16:10:17'),
(126, 'ID0010101', 'KCP MOJOKERTO 1', '2021-01-28 16:10:17'),
(127, 'ID0010102', 'KCP SURABAYA AMPEL', '2021-01-28 16:10:17'),
(128, 'ID0010103', 'KCP TUBAN', '2021-01-28 16:10:17'),
(129, 'ID0010104', 'KCP JOMBANG 1', '2021-01-28 16:10:17'),
(130, 'ID0010105', 'KCP SURABAYA SUNGKONO', '2021-01-28 16:10:17'),
(131, 'ID0010106', 'KC SURABAYA JEMUR HANDAYANI', '2021-01-28 16:10:17'),
(132, 'ID0010108', 'KCP JAKARTA TANAH ABANG', '2021-01-28 16:10:17'),
(133, 'ID0010109', 'KCP JAKARTA CEMPAKA PUTIH', '2021-01-28 16:10:17'),
(134, 'ID0010110', 'KCP JAKARTA PASAR BARU', '2021-01-28 16:10:17'),
(135, 'ID0010111', 'KC MEULABOH NASIONAL', '2021-01-28 16:10:17'),
(136, 'ID0010112', 'KC TEGAL', '2021-01-28 16:10:17'),
(137, 'ID0010113', 'KCP PEMALANG', '2021-01-28 16:10:17'),
(138, 'ID0010114', 'KCP KLATEN 1', '2021-01-28 16:10:17'),
(139, 'ID0010115', 'KCP SUKOHARJO SOLO BARU', '2021-01-28 16:10:17'),
(140, 'ID0010116', 'KCP SRAGEN SUKOWATI', '2021-01-28 16:10:17'),
(141, 'ID0010117', 'KCP BANGKALAN', '2021-01-28 16:10:17'),
(142, 'ID0010118', 'KC BONE', '2021-01-28 16:10:17'),
(143, 'ID0010119', 'KCP MAKASSAR PANAKUKKANG', '2021-01-28 16:10:17'),
(144, 'ID0010120', 'KCP BULUKUMBA 1', '2021-01-28 16:10:17'),
(145, 'ID0010121', 'KCP PARE PARE', '2021-01-28 16:10:17'),
(146, 'ID0010122', 'KCP PALOPO RATULANGI', '2021-01-28 16:10:17'),
(147, 'ID0010123', 'KC MARTAPURA', '2021-01-28 16:10:17'),
(148, 'ID0010124', 'KCP BANJARMASIN A. YANI', '2021-01-28 16:10:17'),
(149, 'ID0010125', 'KCP BATULICIN 1', '2021-01-28 16:10:17'),
(150, 'ID0010126', 'KCP BARABAI', '2021-01-28 16:10:17'),
(151, 'ID0010127', 'KC CIBINONG', '2021-01-28 16:10:17'),
(152, 'ID0010128', 'KCP BOGOR TAJUR 1', '2021-01-28 16:10:17'),
(153, 'ID0010129', 'KCP BOGOR DRAMAGA 1', '2021-01-28 16:10:17'),
(154, 'ID0010130', 'KCP BOGOR MERDEKA', '2021-01-28 16:10:17'),
(155, 'ID0010131', 'KCP BOGOR JALAN BARU', '2021-01-28 16:10:17'),
(156, 'ID0010132', 'KCP BOGOR CITEUREUP', '2021-01-28 16:10:17'),
(157, 'ID0010133', 'KC TANGERANG CILEDUG', '2021-01-28 16:10:17'),
(158, 'ID0010134', 'KCP TANGERANG GADING SERPONG', '2021-01-28 16:10:17'),
(159, 'ID0010135', 'KCP TANGERANG MALABAR', '2021-01-28 16:10:17'),
(160, 'ID0010136', 'KCP TANGERANG CIKUPA', '2021-01-28 16:10:17'),
(161, 'ID0010137', 'KC PRABUMULIH', '2021-01-28 16:10:17'),
(162, 'ID0010138', 'KC BATURAJA', '2021-01-28 16:10:17'),
(163, 'ID0010139', 'KC PALEMBANG PASAR 16 ILIR', '2021-01-28 16:10:17'),
(164, 'ID0010140', 'KC PALEMBANG SIMPANG PATAL', '2021-01-28 16:10:17'),
(165, 'ID0010141', 'KCP LUBUK LINGGAU 1', '2021-01-28 16:10:17'),
(166, 'ID0010142', 'KC SERANG', '2021-01-28 16:10:17'),
(167, 'ID0010143', 'KCP LEBAK BANTEN', '2021-01-28 16:10:17'),
(168, 'ID0010144', 'KC JAKARTA MANGGA DUA', '2021-01-28 16:10:17'),
(169, 'ID0010145', 'KCP JAKARTA KRAMAT JAYA', '2021-01-28 16:10:17'),
(170, 'ID0010146', 'KCP JAKARTA SUNTER 1', '2021-01-28 16:10:17'),
(171, 'ID0010147', 'KC PEKANBARU HARAPAN RAYA', '2021-01-28 16:10:17'),
(172, 'ID0010148', 'KCP PEKANBARU PANAM', '2021-01-28 16:10:17'),
(173, 'ID0010149', 'KCP PANGKALAN KERINCI 1', '2021-01-28 16:10:17'),
(174, 'ID0010150', 'KCP TEMBILAHAN', '2021-01-28 16:10:17'),
(175, 'ID0010151', 'KCP KUNINGAN 1', '2021-01-28 16:10:17'),
(176, 'ID0010152', 'KCP INDRAMAYU JATIBARANG', '2021-01-28 16:10:17'),
(177, 'ID0010153', 'KCP MAJALENGKA 1', '2021-01-28 16:10:17'),
(178, 'ID0010154', 'KCP BLANGPIDIE', '2021-01-28 16:10:17'),
(179, 'ID0010155', 'KC KETAPANG', '2021-01-28 16:10:17'),
(180, 'ID0010156', 'KCP SINTANG 1', '2021-01-28 16:10:17'),
(181, 'ID0010157', 'KCP SOLOK A DAHLAN', '2021-01-28 16:10:17'),
(182, 'ID0010158', 'KCP STABAT', '2021-01-28 16:10:17'),
(183, 'ID0010159', 'KCP PANGKALAN BRANDAN', '2021-01-28 16:10:17'),
(184, 'ID0010160', 'KCP PASURUAN 1', '2021-01-28 16:10:17'),
(185, 'ID0010161', 'KCP PROBOLINGGO SOEHAT', '2021-01-28 16:10:17'),
(186, 'ID0010162', 'KCP MALANG BATU DIPONEGOR', '2021-01-28 16:10:17'),
(187, 'ID0010163', 'KCP YOGYAKARTA KALIURANG', '2021-01-28 16:10:17'),
(188, 'ID0010164', 'KCP WONOSARI', '2021-01-28 16:10:17'),
(189, 'ID0010165', 'KCP SUMBAWA', '2021-01-28 16:10:17'),
(190, 'ID0010166', 'KCP PANCOR', '2021-01-28 16:10:17'),
(191, 'ID0010167', 'KCP MUARA BUNGO', '2021-01-28 16:10:17'),
(192, 'ID0010168', 'KCP JAMBI SIPIN 1', '2021-01-28 16:10:17'),
(193, 'ID0010169', 'KC JAKARTA JATINEGARA', '2021-01-28 16:10:17'),
(194, 'ID0010170', 'KCP JAKARTA RASUNA SAID', '2021-01-28 16:10:17'),
(195, 'ID0010171', 'KCP JAKARTA TEBET', '2021-01-28 16:10:17'),
(196, 'ID0010172', 'KCP TJ BALAI KARIMUN 1', '2021-01-28 16:10:17'),
(197, 'ID0010173', 'KCP JAKARTA CAKUNG', '2021-01-28 16:10:17'),
(198, 'ID0010174', 'KCP JAKARTA PONDOK BAMBU', '2021-01-28 16:10:17'),
(199, 'ID0010175', 'KCP JAKARTA KLENDER', '2021-01-28 16:10:17'),
(200, 'ID0010176', 'KCP JAKARTA UTAN KAYU', '2021-01-28 16:10:17'),
(201, 'ID0010177', 'KCP JAKARTA DEWI SARTIKA', '2021-01-28 16:10:17'),
(202, 'ID0010178', 'KC BONTANG', '2021-01-28 16:10:17'),
(203, 'ID0010179', 'KCP TARAKAN 1', '2021-01-28 16:10:17'),
(204, 'ID0010180', 'KC BANDAR JAYA', '2021-01-28 16:10:17'),
(205, 'ID0010181', 'KC METRO', '2021-01-28 16:10:17'),
(206, 'ID0010182', 'KCP PRINGSEWU 1', '2021-01-28 16:10:17'),
(207, 'ID0010183', 'KCP BANDAR LAMPUNG KEDATON', '2021-01-28 16:10:17'),
(208, 'ID0010184', 'KC LUWUK', '2021-01-28 16:10:17'),
(209, 'ID0010185', 'KCP PARIGI MOUTONG', '2021-01-28 16:10:17'),
(210, 'ID0010186', 'KC PAYAKUMBUH', '2021-01-28 16:10:17'),
(211, 'ID0010187', 'KC KUDUS A YANI 1', '2021-01-28 16:10:17'),
(212, 'ID0010188', 'KCP UNGARAN 1', '2021-01-28 16:10:17'),
(213, 'ID0010189', 'KCP MAGELANG SQUARE', '2021-01-28 16:10:17'),
(214, 'ID0010190', 'KCP CIAMIS JUANDA', '2021-01-28 16:10:17'),
(215, 'ID0010191', 'KCP PANYABUNGAN', '2021-01-28 16:10:17'),
(216, 'ID0010192', 'KCP SIBUHUAN', '2021-01-28 16:10:17'),
(217, 'ID0010193', 'KC DURI', '2021-01-28 16:10:17'),
(218, 'ID0010194', 'KCP BAGAN BATU', '2021-01-28 16:10:17'),
(219, 'ID0010195', 'KCP JAKARTA KEDOYA', '2021-01-28 16:10:17'),
(220, 'ID0010196', 'KCP JAKARTA TANJUNG DUREN', '2021-01-28 16:10:17'),
(221, 'ID0010197', 'KCP JAKARTA DURI KOSAMBI', '2021-01-28 16:10:17'),
(222, 'ID0010198', 'KCP DEPOK MARGONDA', '2021-01-28 16:10:17'),
(223, 'ID0010199', 'KCP DEPOK CIMANGGIS 1', '2021-01-28 16:10:17'),
(224, 'ID0010200', 'KCP DEPOK SAWANGAN', '2021-01-28 16:10:17'),
(225, 'ID0010201', 'KCP DEPOK DUA', '2021-01-28 16:10:17'),
(226, 'ID0010202', 'KCP TULUNGAGUNG 1', '2021-01-28 16:10:17'),
(227, 'ID0010203', 'KC MADIUN', '2021-01-28 16:10:17'),
(228, 'ID0010204', 'KCP KISARAN', '2021-01-28 16:10:17'),
(229, 'ID0010205', 'KCP SIMALUNGUN PERDAGANGAN', '2021-01-28 16:10:17'),
(230, 'ID0010206', 'KCP TANJUNG BALAI', '2021-01-28 16:10:17'),
(231, 'ID0010207', 'KCP SUBANG', '2021-01-28 16:10:17'),
(232, 'ID0010208', 'KCP BULELENG', '2021-01-28 16:10:17'),
(233, 'ID0010209', 'KCP CURUP', '2021-01-28 16:10:17'),
(234, 'ID0010210', 'KCP BIREUEN 1', '2021-01-28 16:10:17'),
(235, 'ID0010211', 'KC CILACAP', '2021-01-28 16:10:17'),
(236, 'ID0010212', 'KCP JAKARTA RAWASARI', '2021-01-28 16:10:17'),
(237, 'ID0010213', 'KCP MEDAN PETISAH', '2021-01-28 16:10:17'),
(238, 'ID0010214', 'KCP MEDAN SIMPANG LIMUN', '2021-01-28 16:10:17'),
(239, 'ID0010215', 'KCP SIGLI', '2021-01-28 16:10:17'),
(240, 'ID0010216', 'KCP ACEH DARUSSALAM', '2021-01-28 16:10:17'),
(241, 'ID0010217', 'KCP JANTHO', '2021-01-28 16:10:17'),
(242, 'ID0010218', 'KCP SUBULUSSALAM 1', '2021-01-28 16:10:17'),
(243, 'ID0010219', 'KCP RIMO', '2021-01-28 16:10:17'),
(244, 'ID0010220', 'KCP PADANG ULAK KARANG', '2021-01-28 16:10:17'),
(245, 'ID0010221', 'KCP PADANG BANDAR BUAT', '2021-01-28 16:10:17'),
(246, 'ID0010222', 'KCP PADANG PARIAMAN', '2021-01-28 16:10:17'),
(247, 'ID0010223', 'KCP KOTA PINANG', '2021-01-28 16:10:17'),
(248, 'ID0010224', 'KCP BATAMINDO', '2021-01-28 16:10:17'),
(249, 'ID0010225', 'KCP PADANG PANJANG', '2021-01-28 16:10:17'),
(250, 'ID0010226', 'KCP PASAMAN BARAT', '2021-01-28 16:10:17'),
(251, 'ID0010227', 'KCP BENGKALIS', '2021-01-28 16:10:17'),
(252, 'ID0010228', 'KCP TANJUNG UBAN', '2021-01-28 16:10:17'),
(253, 'ID0010229', 'KCP JAKARTA PANGLIMA POLIM', '2021-01-28 16:10:17'),
(254, 'ID0010230', 'KCP TANGERANG CIMONE', '2021-01-28 16:10:17'),
(255, 'ID0010231', 'KCP JAKARTA MUARA KARANG', '2021-01-28 16:10:17'),
(256, 'ID0010232', 'KCP JAKARTA KALIDERES', '2021-01-28 16:10:17'),
(257, 'ID0010234', 'KCP BOYOLALI 1', '2021-01-28 16:10:17'),
(258, 'ID0010235', 'KCP KARANGANYAR PALUR 1', '2021-01-28 16:10:17'),
(259, 'ID0010236', 'KCP SURAKARTA PASAR KLIWON', '2021-01-28 16:10:17'),
(260, 'ID0010237', 'KCP SUKOHARJO KARTASURA', '2021-01-28 16:10:17'),
(261, 'ID0010238', 'KCP WONOGIRI', '2021-01-28 16:10:17'),
(262, 'ID0010239', 'KCP PALEMBANG RADIAL', '2021-01-28 16:10:17'),
(263, 'ID0010240', 'KCP PALEMBANG KM 6', '2021-01-28 16:10:17'),
(264, 'ID0010241', 'KCP CIREBON PLERED 1', '2021-01-28 16:10:17'),
(265, 'ID0010242', 'KCP NANGA PINOH', '2021-01-28 16:10:17'),
(266, 'ID0010243', 'KCP YOGYAKARTA KATAMSO', '2021-01-28 16:10:17'),
(267, 'ID0010244', 'KCP AMBARUKMO', '2021-01-28 16:10:17'),
(268, 'ID0010245', 'KCP GODEAN 1', '2021-01-28 16:10:17'),
(269, 'ID0010246', 'KCP SEMARANG KARANGAYU', '2021-01-28 16:10:17'),
(270, 'ID0010247', 'KCP BANJAR', '2021-01-28 16:10:17'),
(271, 'ID0010248', 'KCP PURBALINGGA', '2021-01-28 16:10:17'),
(272, 'ID0010250', 'KCP SURABAYA WIYUNG 1', '2021-01-28 16:10:17'),
(273, 'ID0010251', 'KCP SURABAYA DHARMAHUSADA', '2021-01-28 16:10:17'),
(274, 'ID0010253', 'KCP BANJARMASIN PS. CEMPAKA', '2021-01-28 16:10:17'),
(275, 'ID0010254', 'KCP BANJARMASIN SENTRA ANTASARI', '2021-01-28 16:10:17'),
(276, 'ID0010255', 'KCP KEPANJEN 1', '2021-01-28 16:10:17'),
(277, 'ID0010256', 'KCP KEDIRI PARE 1', '2021-01-28 16:10:17'),
(278, 'ID0010257', 'KCP BITUNG', '2021-01-28 16:10:17'),
(279, 'ID0010258', 'KC SORONG', '2021-01-28 16:10:17'),
(280, 'ID0010259', 'KC KUPANG', '2021-01-28 16:10:17'),
(281, 'ID0010260', 'KCP JAKARTA KEMANG', '2021-01-28 16:10:17'),
(282, 'ID0010261', 'KCP JAKARTA CIRACAS', '2021-01-28 16:10:17'),
(283, 'ID0010262', 'KCP TANGERANG CIRENDEU', '2021-01-28 16:10:17'),
(284, 'ID0010263', 'KCP BEKASI KEMANG PRATAMA', '2021-01-28 16:10:17'),
(285, 'ID0010264', 'KCP CIKARANG JABABEKA', '2021-01-28 16:10:17'),
(286, 'ID0010265', 'KCP BEKASI KALIMALANG 1', '2021-01-28 16:10:17'),
(287, 'ID0010266', 'KCP MEDAN KRAKATAU', '2021-01-28 16:10:17'),
(288, 'ID0010267', 'KCP MEDAN BELAWAN', '2021-01-28 16:10:17'),
(289, 'ID0010268', 'KCP MEDAN TOMANG ELOK', '2021-01-28 16:10:17'),
(290, 'ID0010269', 'KCP MEDAN ISKANDAR MUDA', '2021-01-28 16:10:17'),
(291, 'ID0010270', 'KCP MEDAN PULO BRAYAN', '2021-01-28 16:10:17'),
(292, 'ID0010271', 'KCP CIPANAS', '2021-01-28 16:10:17'),
(293, 'ID0010272', 'KCP BANDUNG PAJAJARAN', '2021-01-28 16:10:17'),
(294, 'ID0010273', 'KCP SURABAYA TANJUNG PERAK', '2021-01-28 16:10:17'),
(295, 'ID0010275', 'KCP JAKARTA CIKINI 1', '2021-01-28 16:10:17'),
(296, 'ID0010276', 'KCP JAKARTA GAJAH MADA', '2021-01-28 16:10:17'),
(297, 'ID0010277', 'KCP CALANG', '2021-01-28 16:10:17'),
(298, 'ID0010278', 'KCP MEUREUDU 1', '2021-01-28 16:10:17'),
(299, 'ID0010281', 'KCP SOLO URIP SUMOHARJO', '2021-01-28 16:10:17'),
(300, 'ID0010282', 'KCP SUMENEP 1', '2021-01-28 16:10:17'),
(301, 'ID0010283', 'KCP SAMPANG', '2021-01-28 16:10:17'),
(302, 'ID0010284', 'KCP SENGKANG SUDIRMAN', '2021-01-28 16:10:17'),
(303, 'ID0010285', 'KCP MAKASSAR TAMALANREA', '2021-01-28 16:10:17'),
(304, 'ID0010286', 'KCP PELAIHARI', '2021-01-28 16:10:17'),
(305, 'ID0010287', 'KCP KOTABARU', '2021-01-28 16:10:17'),
(306, 'ID0010288', 'KCP BOGOR POMAD', '2021-01-28 16:10:17'),
(307, 'ID0010289', 'KCP TNG BALARAJA 1', '2021-01-28 16:10:17'),
(308, 'ID0010290', 'KCP KAYU AGUNG', '2021-01-28 16:10:17'),
(309, 'ID0010291', 'KCP SUNGAI LILIN 1', '2021-01-28 16:10:17'),
(310, 'ID0010292', 'KCP LABUAN', '2021-01-28 16:10:17'),
(311, 'ID0010293', 'KCP UJUNG BATU 1', '2021-01-28 16:10:17'),
(312, 'ID0010294', 'KCP PEKANBARU NANGKA', '2021-01-28 16:10:17'),
(313, 'ID0010295', 'KCP BALIKPAPAN SEPINGGAN', '2021-01-28 16:10:17'),
(314, 'ID0010296', 'KCP BALIKPAPAN BARU 1', '2021-01-28 16:10:17'),
(315, 'ID0010297', 'KCP INDRAMAYU', '2021-01-28 16:10:17'),
(316, 'ID0010298', 'KCP CIREBON CILEDUG', '2021-01-28 16:10:17'),
(317, 'ID0010299', 'KCP PONTIANAK KOTA', '2021-01-28 16:10:17'),
(318, 'ID0010300', 'KCP PULAU PUNJUNG 1', '2021-01-28 16:10:17'),
(319, 'ID0010302', 'KCP PANDAAN A YANI', '2021-01-28 16:10:17'),
(320, 'ID0010303', 'KCP LUMAJANG 1', '2021-01-28 16:10:17'),
(321, 'ID0010304', 'KCP LAWANG', '2021-01-28 16:10:17'),
(322, 'ID0010305', 'KCP YOGYAKARTA KOTAGEDE', '2021-01-28 16:10:17'),
(323, 'ID0010306', 'KCP AEK KANOPAN', '2021-01-28 16:10:17'),
(324, 'ID0010307', 'KCP KRIAN', '2021-01-28 16:10:17'),
(325, 'ID0010308', 'KCP PRAYA 1', '2021-01-28 16:10:17'),
(326, 'ID0010309', 'KCP BIMA', '2021-01-28 16:10:17'),
(327, 'ID0010310', 'KCP SAROLANGUN 1', '2021-01-28 16:10:17'),
(328, 'ID0010311', 'KCP JAKARTA MEGA KUNINGAN', '2021-01-28 16:10:17'),
(329, 'ID0010312', 'KCP BATAM BATU AJI', '2021-01-28 16:10:17'),
(330, 'ID0010313', 'KCP BATAM CENTER', '2021-01-28 16:10:17'),
(331, 'ID0010314', 'KCP JAKARTA PULO GADUNG', '2021-01-28 16:10:17'),
(332, 'ID0010315', 'KCP PAHLAWAN', '2021-01-28 16:10:17'),
(333, 'ID0010316', 'KCP UNIT 2 TULANG BAWANG', '2021-01-28 16:10:17'),
(334, 'ID0010317', 'KCP PALU PLAZA', '2021-01-28 16:10:17'),
(335, 'ID0010318', 'KCP MOROWALI', '2021-01-28 16:10:17'),
(336, 'ID0010319', 'KCP LAMONGAN', '2021-01-28 16:10:17'),
(337, 'ID0010320', 'KCP LUBUK BASUNG', '2021-01-28 16:10:17'),
(338, 'ID0010321', 'KCP SEMARANG TIMUR', '2021-01-28 16:10:17'),
(339, 'ID0010322', 'KCP PURWODADI', '2021-01-28 16:10:17'),
(340, 'ID0010323', 'KCP TEMANGGUNG', '2021-01-28 16:10:17'),
(341, 'ID0010324', 'KCP GOMBONG', '2021-01-28 16:10:17'),
(342, 'ID0010325', 'KCP CIAWI', '2021-01-28 16:10:17'),
(343, 'ID0010326', 'KCP SANGATTA', '2021-01-28 16:10:17'),
(344, 'ID0010327', 'KCP GUNUNG TUA', '2021-01-28 16:10:17'),
(345, 'ID0010328', 'KCP SIPIROK', '2021-01-28 16:10:17'),
(346, 'ID0010329', 'KCP DEPOK KELAPA DUA', '2021-01-28 16:10:17'),
(347, 'ID0010330', 'KCP DEPOK NUSANTARA', '2021-01-28 16:10:17'),
(348, 'ID0010331', 'KCP NGANJUK', '2021-01-28 16:10:17'),
(349, 'ID0010332', 'KCP JAKARTA KEBAYORAN LAMA', '2021-01-28 16:10:17'),
(350, 'ID0010333', 'KCP INDRAPURA', '2021-01-28 16:10:17'),
(351, 'ID0010334', 'KCP SUBANG PAMANUKAN', '2021-01-28 16:10:17'),
(352, 'ID0010335', 'KCP LAHAT', '2021-01-28 16:10:17'),
(353, 'ID0010336', 'KCP CICURUG', '2021-01-28 16:10:17'),
(354, 'ID0010337', 'KCP BONDOWOSO', '2021-01-28 16:10:17'),
(355, 'ID0010338', 'KCP SITUBONDO 1', '2021-01-28 16:10:17'),
(356, 'ID0010339', 'KCP JEMBER BALUNG', '2021-01-28 16:10:17'),
(357, 'ID0010340', 'KCP DENPASAR RENON', '2021-01-28 16:10:17'),
(358, 'ID0010341', 'KCP BELITANG', '2021-01-28 16:10:17'),
(359, 'ID0010342', 'KCP NATUNA', '2021-01-28 16:10:17'),
(360, 'ID0010343', 'KCP TANGERANG BINTARO SEKTOR III', '2021-01-28 16:10:17'),
(361, 'ID0010344', 'KCP JAYAPURA ABEPURA', '2021-01-28 16:10:17'),
(362, 'ID0010346', 'KCP KUALA SIMPANG 1', '2021-01-28 16:10:17'),
(363, 'ID0010347', 'KCP SERANG CIKANDE', '2021-01-28 16:10:17'),
(364, 'ID0010348', 'KCP BANJARNEGARA', '2021-01-28 16:10:17'),
(365, 'ID0010349', 'KCP BREBES 1', '2021-01-28 16:10:17'),
(366, 'ID0010350', 'KCP PONOROGO', '2021-01-28 16:10:17'),
(367, 'ID0010351', 'KCP GENTENG GAJAH MADA', '2021-01-28 16:10:17'),
(368, 'ID0010352', 'KCP TANJUNG PANDAN', '2021-01-28 16:10:17'),
(369, 'ID0010353', 'KC MEDAN GAJAH MADA', '2021-01-28 16:10:17'),
(370, 'ID0010354', 'KC AMBON', '2021-01-28 16:10:17'),
(371, 'ID0010356', 'KC SIBOLGA', '2021-01-28 16:10:17'),
(372, 'ID0010357', 'KC BANDUNG AHMAD YANI', '2021-01-28 16:10:17'),
(373, 'ID0010358', 'KCP BANDUNG METRO MARGAHAYU', '2021-01-28 16:10:17'),
(374, 'ID0010359', 'KCP BANDUNG UJUNG BERUNG', '2021-01-28 16:10:17'),
(375, 'ID0010360', 'KCP BANDUNG RANCAEKEK 1', '2021-01-28 16:10:17'),
(376, 'ID0010361', 'KC LUBUK PAKAM', '2021-01-28 16:10:17'),
(377, 'ID0010363', 'KC JAKARTA CENGKARENG', '2021-01-28 16:10:17'),
(378, 'ID0010365', 'KC LHOKSEUMAWE 1', '2021-01-28 16:10:17'),
(379, 'ID0010366', 'KC KENDARI A SILONDAE', '2021-01-28 16:10:17'),
(380, 'ID0010367', 'KC PATI', '2021-01-28 16:10:17'),
(381, 'ID0010368', 'KC PANGKALAN BUN', '2021-01-28 16:10:17'),
(382, 'ID0010370', 'KC SAMBAS', '2021-01-28 16:10:17'),
(383, 'ID0010372', 'KC JAKARTA KALIBATA', '2021-01-28 16:10:17'),
(384, 'ID0010373', 'KC SALATIGA', '2021-01-28 16:10:17'),
(385, 'ID0010374', 'KC BLITAR', '2021-01-28 16:10:17'),
(386, 'ID0010376', 'KC TANGERANG BSD 1', '2021-01-28 16:10:17'),
(387, 'ID0010377', 'KC TANJUNG', '2021-01-28 16:10:17'),
(388, 'ID0010378', 'KC KENDAL', '2021-01-28 16:10:17'),
(389, 'ID0010379', 'KC JAKARTA SUDIRMAN', '2021-01-28 16:10:17'),
(390, 'ID0010380', 'KCP MAKASSAR UNISMUH', '2021-01-28 16:10:17'),
(391, 'ID0010385', 'KCP BATUSANGKAR', '2021-01-28 16:10:17'),
(392, 'ID0010386', 'KCP DEPOK FMIPA - UI', '2021-01-28 16:10:17'),
(393, 'ID0010391', 'KCP JAKARTA PLAZA MANDIRI', '2021-01-28 16:10:17'),
(394, 'ID0010392', 'KCP JAKARTA TOMANG', '2021-01-28 16:10:17'),
(395, 'ID0010395', 'KCP JAYAPURA SENTANI', '2021-01-28 16:10:17'),
(396, 'ID0010397', 'KCP KUTA', '2021-01-28 16:10:17'),
(397, 'ID0010398', 'KCP MANADO KAIRAGI', '2021-01-28 16:10:17'),
(398, 'ID0010401', 'KCP PANDEGLANG', '2021-01-28 16:10:17'),
(399, 'ID0010403', 'KCP PONTIANAK AHMAD YANI', '2021-01-28 16:10:17'),
(400, 'ID0010406', 'KCP SURAKARTA PASAR KLEWER', '2021-01-28 16:10:17'),
(401, 'ID0010407', 'KCP TAPAK TUAN', '2021-01-28 16:10:17'),
(402, 'ID0010410', 'KCP BALIKPAPAN KEBUN SAYUR', '2021-01-28 16:10:17'),
(403, 'ID0010411', 'KCP BANDAR LAMPUNG TELUK BETUNG', '2021-01-28 16:10:17'),
(404, 'ID0010414', 'KCP BANDUNG MOH. TOHA', '2021-01-28 16:10:17'),
(405, 'ID0010417', 'KCP BATAM BENGKONG', '2021-01-28 16:10:17'),
(406, 'ID0010420', 'KCP BOGOR SUDIRMAN', '2021-01-28 16:10:17'),
(407, 'ID0010421', 'KCP CIREBON SILIWANGI', '2021-01-28 16:10:17'),
(408, 'ID0010422', 'KCP JAKARTA GANDARIA', '2021-01-28 16:10:17'),
(409, 'ID0010423', 'KCP DUMAI SUKAJADI', '2021-01-28 16:10:17'),
(410, 'ID0010424', 'KCP BOGOR KOTA WISATA', '2021-01-28 16:10:17'),
(411, 'ID0010429', 'KCP JAKARTA MENTENG', '2021-01-28 16:10:17'),
(412, 'ID0010430', 'KCP JAKARTA JATINEGARA TIMUR', '2021-01-28 16:10:17'),
(413, 'ID0010432', 'KCP JAKARTA PONDOK PINANG', '2021-01-28 16:10:17'),
(414, 'ID0010433', 'KCP JAKARTA PANGKALAN JATI', '2021-01-28 16:10:17'),
(415, 'ID0010434', 'KCP JAKARTA PS. REBO', '2021-01-28 16:10:17'),
(416, 'ID0010435', 'KCP JAKARTA S. PARMAN', '2021-01-28 16:10:17'),
(417, 'ID0010437', 'KCP JAMBI JELUTUNG', '2021-01-28 16:10:17'),
(418, 'ID0010440', 'KCP MAKASSAR AHMAD YANI', '2021-01-28 16:10:17'),
(419, 'ID0010442', 'KCP BATANG TORU', '2021-01-28 16:10:17'),
(420, 'ID0010443', 'KCP PALEMBANG VETERAN', '2021-01-28 16:10:17'),
(421, 'ID0010444', 'KCP PALU TADULAKO', '2021-01-28 16:10:17'),
(422, 'ID0010446', 'KCP PEKANBARU SUDIRMAN', '2021-01-28 16:10:17'),
(423, 'ID0010447', 'KCP PONTIANAK SUNGAI JAWI', '2021-01-28 16:10:17'),
(424, 'ID0010450', 'KCP SAMARINDA HASAN BASRI', '2021-01-28 16:10:17'),
(425, 'ID0010451', 'KCP SEMARANG MT. HARYONO', '2021-01-28 16:10:17'),
(426, 'ID0010453', 'KCP SOLO NUSUKAN', '2021-01-28 16:10:17'),
(427, 'ID0010454', 'KCP SURABAYA KLAMPIS', '2021-01-28 16:10:17'),
(428, 'ID0010455', 'KCP SURABAYA JEMBATAN MERAH', '2021-01-28 16:10:17'),
(429, 'ID0010460', 'KCP TEGAL ADIWERNA', '2021-01-28 16:10:17'),
(430, 'ID0010462', 'KC SAMPIT', '2021-01-28 16:10:17'),
(431, 'ID0010463', 'KCP JAKARTA RADIO DALAM', '2021-01-28 16:10:17'),
(432, 'ID0010464', 'KCP KOTAMOBAGU', '2021-01-28 16:10:17'),
(433, 'ID0010465', 'KCP LUBUK SIKAPING', '2021-01-28 16:10:17'),
(434, 'ID0010466', 'KCP MAROS 1', '2021-01-28 16:10:17'),
(435, 'ID0010467', 'KCP NGAWI', '2021-01-28 16:10:17'),
(436, 'ID0010475', 'KCP BINTAN CENTER', '2021-01-28 16:10:17'),
(437, 'ID0010477', 'KCP UJUNG TANJUNG', '2021-01-28 16:10:17'),
(438, 'ID0010478', 'KCP CILACAP MAJENANG', '2021-01-28 16:10:17'),
(439, 'ID0010479', 'KCP KAPUAS', '2021-01-28 16:10:17'),
(440, 'ID0010481', 'KCP KAMPUNG PAJAK', '2021-01-28 16:10:17'),
(441, 'ID0010484', 'KCP TELUK KUANTAN', '2021-01-28 16:10:17'),
(442, 'ID0010486', 'KCP MEDAN MARELAN RAYA', '2021-01-28 16:10:17'),
(443, 'ID0010488', 'KCP SUKABUMI SURADE', '2021-01-28 16:10:17'),
(444, 'ID0010489', 'KCP KALIANDA', '2021-01-28 16:10:17'),
(445, 'ID0010490', 'KCP KOTABUMI', '2021-01-28 16:10:17'),
(446, 'ID0010491', 'KCP KETAPANG MANIS MATA', '2021-01-28 16:10:17'),
(447, 'ID0010492', 'KCP SURABAYA KEDUNGDORO', '2021-01-28 16:10:17'),
(448, 'ID0010495', 'KCP ACEH ULEE KARENG', '2021-01-28 16:10:17'),
(449, 'ID0010496', 'KCP PAINAN', '2021-01-28 16:10:17'),
(450, 'ID0010497', 'KCP SIDOARJO WARU', '2021-01-28 16:10:17'),
(451, 'ID0010498', 'KCP BOJONEGORO SUMBERREJO', '2021-01-28 16:10:17'),
(452, 'ID0010501', 'KCP SURABAYA UNIVERSITAS AIRLANGGA', '2021-01-28 16:10:17'),
(453, 'ID0010504', 'KCP BANGKINANG', '2021-01-28 16:10:17'),
(454, 'ID0010507', 'KCP MEDAN SUKARAMAI', '2021-01-28 16:10:17'),
(455, 'ID0010508', 'KCP FLAMBOYAN', '2021-01-28 16:10:17'),
(456, 'ID0010509', 'KCP BEKASI HARAPAN INDAH', '2021-01-28 16:10:17'),
(457, 'ID0010511', 'KCP TOLITOLI', '2021-01-28 16:10:17'),
(458, 'ID0010512', 'KCP MALANG SOEKARNO HATTA', '2021-01-28 16:10:17'),
(459, 'ID0010515', 'KCP BEKASI JATIASIH', '2021-01-28 16:10:17'),
(460, 'ID0010516', 'KCP BEKASI JATIBENING', '2021-01-28 16:10:17'),
(461, 'ID0010517', 'KCP JAKARTA JOGLO', '2021-01-28 16:10:17'),
(462, 'ID0010520', 'KCP JAKARTA PECENONGAN', '2021-01-28 16:10:17'),
(463, 'ID0010522', 'KCP TANGERANG GRAHA RAYA', '2021-01-28 16:10:17'),
(464, 'ID0010523', 'KCP JAKARTA SIMPRUG', '2021-01-28 16:10:17'),
(465, 'ID0010525', 'KCP SANGGAU', '2021-01-28 16:10:17'),
(466, 'ID0010527', 'KCP KUALA TUNGKAL', '2021-01-28 16:10:17'),
(467, 'ID0010528', 'KCP SURABAYA RUNGKUT 1', '2021-01-28 16:10:17'),
(468, 'ID0010529', 'KCP TRENGGALEK', '2021-01-28 16:10:17'),
(469, 'ID0010532', 'KCP AMUNTAI', '2021-01-28 16:10:17'),
(470, 'ID0010535', 'KCP KUTAI SENDAWAR', '2021-01-28 16:10:17'),
(471, 'ID0010536', 'KCP PALU BASUKI RAHMAT', '2021-01-28 16:10:17'),
(472, 'ID0010538', 'KCP BUKITTINGGI PASAR AUR', '2021-01-28 16:10:17'),
(473, 'ID0010539', 'KC KABANJAHE', '2021-01-28 16:10:17'),
(474, 'ID0010541', 'KCP PENAJAM', '2021-01-28 16:10:17'),
(475, 'ID0010542', 'KCP POLEWALI', '2021-01-28 16:10:17'),
(476, 'ID0010544', 'KCP MEDAN MUCHTAR BASRI', '2021-01-28 16:10:17'),
(477, 'ID0010545', 'KCP MEDAN PADANG BULAN', '2021-01-28 16:10:17'),
(478, 'ID0010546', 'KCP SELAT PANJANG', '2021-01-28 16:10:17'),
(479, 'ID0010548', 'KC SINGKAWANG', '2021-01-28 16:10:17'),
(480, 'ID0010549', 'KCP BAGAN SIAPIAPI', '2021-01-28 16:10:17'),
(481, 'ID0010550', 'KCP RENGAT', '2021-01-28 16:10:17'),
(482, 'ID0010551', 'KCP JAKARTA SULTAN ISKANDAR MUDA', '2021-01-28 16:10:17'),
(483, 'ID0010552', 'KCP BOGOR SENTUL', '2021-01-28 16:10:17'),
(484, 'ID0010553', 'KCP JAKARTA CIPINANG JAYA', '2021-01-28 16:10:17'),
(485, 'ID0010556', 'KCP GARUT KADUNGORA', '2021-01-28 16:10:17'),
(486, 'ID0010558', 'KCP JEPARA 1', '2021-01-28 16:10:17'),
(487, 'ID0010559', 'KCP TANJUNG ENIM', '2021-01-28 16:10:17'),
(488, 'ID0010560', 'KCP INDRAMAYU PATROL', '2021-01-28 16:10:17'),
(489, 'ID0010561', 'KCP SABANG 1', '2021-01-28 16:10:17'),
(490, 'ID0010568', 'KCP ANAMBAS', '2021-01-28 16:10:17'),
(491, 'ID0010571', 'KCP JAKARTA KRAMAT RAYA', '2021-01-28 16:10:17'),
(492, 'ID0010573', 'KCP CIMAHI BAROS', '2021-01-28 16:10:17'),
(493, 'ID0010574', 'KCP BANDUNG ANTAPANI', '2021-01-28 16:10:17'),
(494, 'ID0010576', 'KCP SAMARINDA SUDIRMAN', '2021-01-28 16:10:17'),
(495, 'ID0010577', 'KCP YOGYAKARTA WIROBRAJAN', '2021-01-28 16:10:17'),
(496, 'ID0010578', 'KCP PEKALONGAN KAJEN', '2021-01-28 16:10:17'),
(497, 'ID0010579', 'KCP GOWAHASANUDDIN', '2021-01-28 16:10:17'),
(498, 'ID0010582', 'KCP SEMARANG NGALIYAN', '2021-01-28 16:10:17'),
(499, 'ID0010583', 'KCP SERANG TIMUR', '2021-01-28 16:10:17'),
(500, 'ID0010584', 'KCP SEMARANG BANYUMANIK', '2021-01-28 16:10:17'),
(501, 'ID0010585', 'KCP PALEMBANG JAKABARING', '2021-01-28 16:10:17'),
(502, 'ID0010590', 'KCP MAGETAN', '2021-01-28 16:10:17'),
(503, 'ID0010591', 'KCP PACITAN', '2021-01-28 16:10:17'),
(504, 'ID0010594', 'KCP AJIBARANG', '2021-01-28 16:10:17'),
(505, 'ID0010596', 'KCP AMPANA', '2021-01-28 16:10:17'),
(506, 'ID0010597', 'KCP SLEMAN 1 ', '2021-01-28 16:10:17'),
(507, 'ID0010598', 'KCP BANTUL 1', '2021-01-28 16:10:17'),
(508, 'ID0010600', 'KCP GUBUG', '2021-01-28 16:10:17'),
(509, 'ID0010601', 'KCP POSO', '2021-01-28 16:10:17'),
(510, 'ID0010603', 'KCP BEKASI KALIABANG', '2021-01-28 16:10:17'),
(511, 'ID0010608', 'KCP JATINANGOR', '2021-01-28 16:10:17'),
(512, 'ID0010612', 'KCP TASIKMALAYA SINGAPARNA', '2021-01-28 16:10:17'),
(513, 'ID0010613', 'KCP PERBAUNGAN', '2021-01-28 16:10:17'),
(514, 'ID0010614', 'KCP MAGELANG MUNTILAN', '2021-01-28 16:10:17'),
(515, 'ID0010615', 'KCP SAWAHLUNTO', '2021-01-28 16:10:17'),
(516, 'ID0010616', 'KCP MEDAN RINGROAD', '2021-01-28 16:10:17'),
(517, 'ID0010620', 'KCP BEUREUNEUN 1', '2021-01-28 16:10:17'),
(518, 'ID0010629', 'KCP PONDOK CILEGON INDAH', '2021-01-28 16:10:17'),
(519, 'ID0010630', 'KCP JAKARTA PEJATEN RAYA', '2021-01-28 16:10:17'),
(520, 'ID0010636', 'KCP MUARA TEWEH', '2021-01-28 16:10:17'),
(521, 'ID0010638', 'KCP SUNGAI LIAT', '2021-01-28 16:10:17'),
(522, 'ID0010640', 'KCP PANGKALAN', '2021-01-28 16:10:17'),
(523, 'ID0010642', 'KCP KUTAI TENGGARONG SEBERANG', '2021-01-28 16:10:17'),
(524, 'ID0010643', 'KCP LIWA', '2021-01-28 16:10:17'),
(525, 'ID0010644', 'KCP SUKABUMI CIBADAK 1', '2021-01-28 16:10:17'),
(526, 'ID0010645', 'KCP MUARA BULIAN', '2021-01-28 16:10:17'),
(527, 'ID0010646', 'KCP SURABAYA ITS', '2021-01-28 16:10:17'),
(528, 'ID0010648', 'KCP NUNUKAN', '2021-01-28 16:10:17'),
(529, 'ID0010649', 'KCP KETAHUN', '2021-01-28 16:10:17'),
(530, 'ID0010652', 'KCP TAKENGON 1', '2021-01-28 16:10:17'),
(531, 'ID0010654', 'KCP BANYUWANGI ROGOJAMPI', '2021-01-28 16:10:17'),
(532, 'ID0010656', 'KCP TANGERANG KARANG TENGAH', '2021-01-28 16:10:17'),
(533, 'ID0010657', 'KCP TNG KARAWACI 1', '2021-01-28 16:10:17'),
(534, 'ID0010658', 'KCP JAKARTA TENDEAN', '2021-01-28 16:10:17'),
(535, 'ID0010659', 'KCP MALANG TUREN 1', '2021-01-28 16:10:17'),
(536, 'ID0010660', 'KCP JAKARTA MERUYA 1', '2021-01-28 16:10:17'),
(537, 'ID0010667', 'KCP SIAK', '2021-01-28 16:10:17'),
(538, 'ID0010668', 'KCP BAUBAU YOS SUDARSO', '2021-01-28 16:10:17'),
(539, 'ID0010669', 'KC JAKARTA PLUIT', '2021-01-28 16:10:17'),
(540, 'ID0010670', 'KCP SURABAYA PASAR ATOM', '2021-01-28 16:10:17'),
(541, 'ID0010671', 'KCP JAKARTA GADING BOULEVARD', '2021-01-28 16:10:17'),
(542, 'ID0010672', 'KCP BATAM BOTANIA GARDEN', '2021-01-28 16:10:17'),
(543, 'ID0010703', 'KCP MALANG PASAR BESAR', '2021-01-28 16:10:17'),
(544, 'ID0010704', 'KCP AMBON DIPONEGORO', '2021-01-28 16:10:17'),
(545, 'ID0010705', 'KCP BACAN', '2021-01-28 16:10:17'),
(546, 'ID0010717', 'KCP BULA', '2021-01-28 16:10:17'),
(547, 'ID0010719', 'KCP SIDOARJO SEPANJANG 1', '2021-01-28 16:10:17'),
(548, 'ID0010911', 'KCP SEMARANG PRIORITAS', '2021-01-28 16:10:17'),
(549, 'ID0010912', 'KCP BANDA ACEH PEUNAYONG', '2021-01-28 16:10:17'),
(550, 'ID0010913', 'KCP BANDA ACEH KEUTAPANG', '2021-01-28 16:10:17'),
(551, 'ID0010914', 'KCP BANDA ACEH UNSYIAH DARUSSALAM', '2021-01-28 16:10:17'),
(552, 'ID0010915', 'KCP BENER MERIAH 1', '2021-01-28 16:10:17'),
(553, 'ID0010916', 'KCP IDI RAYEUK 1', '2021-01-28 16:10:17'),
(554, 'ID0010917', 'KCP LANGSA OPAK', '2021-01-28 16:10:17'),
(555, 'ID0010918', 'KCP LHOKSUKON 1', '2021-01-28 16:10:17'),
(556, 'ID0010921', 'KCP JEURAM', '2021-01-28 16:10:17'),
(557, 'ID0010922', 'KCP AULE BILIE', '2021-01-28 16:10:17'),
(558, 'ID0010923', 'KCP BANDA ACEH DAUD BEUREUH', '2021-01-28 16:10:17'),
(559, 'ID0010924', 'KCP LHOKSEUMAWE MERDEKA', '2021-01-28 16:10:17'),
(560, 'ID0010925', 'KCP LANGSA AHMAD YANI', '2021-01-28 16:10:17'),
(561, 'ID0010926', 'KCP BANDA ACEH CUT MEUTIA', '2021-01-28 16:10:17'),
(562, 'ID0010927', 'KCP LHOKSEUMAWE PENDOPO', '2021-01-28 16:10:17'),
(563, 'ID0010928', 'KCP BANDA ACEH HASAN BATOH', '2021-01-28 16:10:17'),
(564, 'ID0010929', 'KCP PANTON LABU 1', '2021-01-28 16:10:17'),
(565, 'ID0010930', 'KCP PEUREULAK', '2021-01-28 16:10:17'),
(566, 'ID0010931', 'KCP SEUMADAM', '2021-01-28 16:10:17'),
(567, 'ID0010932', 'KCP BENER MERIAH PASAR LAMPAHAN', '2021-01-28 16:10:17'),
(568, 'ID0010933', 'KCP GEUDONG 1', '2021-01-28 16:10:17'),
(569, 'ID0010934', 'KCP PASAR LAMBARO', '2021-01-28 16:10:17'),
(570, 'ID0010935', 'KCP SIMPANG TIGA BENER MERIAH', '2021-01-28 16:10:17'),
(571, 'ID0018005', 'KC YOGYAKARTA 2', '2021-01-28 16:10:17'),
(572, 'ID0018006', 'KC PEKALONGAN 2', '2021-01-28 16:10:17'),
(573, 'ID0018007', 'KC SEMARANG A YANI', '2021-01-28 16:10:17'),
(574, 'ID0018008', 'KC MALANG SUPRAPTO', '2021-01-28 16:10:17'),
(575, 'ID0018009', 'KC BANJARMASIN A YANI', '2021-01-28 16:10:17'),
(576, 'ID0018010', 'KC JAKARTA TIMUR', '2021-01-28 16:10:17'),
(577, 'ID0018011', 'KC FATMAWATI', '2021-01-28 16:10:17'),
(578, 'ID0018012', 'KC BANDUNG ASIA AFRIKA', '2021-01-28 16:10:17'),
(579, 'ID0018013', 'KC PADANG 2', '2021-01-28 16:10:17'),
(580, 'ID0018014', 'KC MAKASSAR 2', '2021-01-28 16:10:17'),
(581, 'ID0018015', 'KC MEDAN ADAM MALIK', '2021-01-28 16:10:17'),
(582, 'ID0018016', 'KC PALEMBANG SUDIRMAN', '2021-01-28 16:10:17'),
(583, 'ID0018017', 'KC BENDUNGAN HILIR', '2021-01-28 16:10:17'),
(584, 'ID0018018', 'KC SURABAYA 2', '2021-01-28 16:10:17'),
(585, 'ID0018019', 'KC PEKANBARU 2', '2021-01-28 16:10:17'),
(586, 'ID0018020', 'KC CIREBON', '2021-01-28 16:10:17'),
(587, 'ID0018021', 'KC SURAKARTA', '2021-01-28 16:10:17'),
(588, 'ID0018022', 'KC BOGOR 2', '2021-01-28 16:10:17'),
(589, 'ID0018023', 'KC BALIKPAPAN 2', '2021-01-28 16:10:17'),
(590, 'ID0018024', 'KC JAKARTA UTARA', '2021-01-28 16:10:17'),
(591, 'ID0018025', 'KC BUMI SERPONG DAMAI', '2021-01-28 16:10:17'),
(592, 'ID0018026', 'KC TANJUNGKARANG', '2021-01-28 16:10:17'),
(593, 'ID0018027', 'KC KEDIRI TRADE CENTER', '2021-01-28 16:10:17'),
(594, 'ID0018028', 'KC JEMBER A YANI', '2021-01-28 16:10:17'),
(595, 'ID0018029', 'KC BANDA ACEH', '2021-01-28 16:10:17'),
(596, 'ID0018030', 'KC BEKASI 2', '2021-01-28 16:10:17'),
(597, 'ID0018031', 'KC BATAM RADEN PATAH', '2021-01-28 16:10:17'),
(598, 'ID0018032', 'KC JAKARTA BARAT', '2021-01-28 16:10:17'),
(599, 'ID0018033', 'KC CILEGON A YANI', '2021-01-28 16:10:17'),
(600, 'ID0018034', 'KC TANGERANG 2', '2021-01-28 16:10:17'),
(601, 'ID0018035', 'KC DEPOK 2', '2021-01-28 16:10:17'),
(602, 'ID0018036', 'KC SAMARINDA JUANDA', '2021-01-28 16:10:17'),
(603, 'ID0018037', 'KC PONTIANAK A YANI', '2021-01-28 16:10:17'),
(604, 'ID0018038', 'KC PURWOKERTO 2', '2021-01-28 16:10:17'),
(605, 'ID0018039', 'KC SURABAYA DHARMAWANGSA', '2021-01-28 16:10:17'),
(606, 'ID0018040', 'KC JAMBI HAYAM WURUK', '2021-01-28 16:10:17'),
(607, 'ID0018041', 'KC DENPASAR GATSU', '2021-01-28 16:10:17'),
(608, 'ID0018042', 'KC MATARAM CAKRANEGARA', '2021-01-28 16:10:17'),
(609, 'ID0018043', 'KC BUKITTINGGI 2', '2021-01-28 16:10:17'),
(610, 'ID0018044', 'KC BENGKULU SUDIRMAN', '2021-01-28 16:10:17'),
(611, 'ID0018045', 'KC KARAWANG', '2021-01-28 16:10:17'),
(612, 'ID0018046', 'KC TASIKMALAYA 2', '2021-01-28 16:10:17'),
(613, 'ID0018047', 'KC KUDUS A.YANI 2', '2021-01-28 16:10:17'),
(614, 'ID0018048', 'KC PALANGKARAYA 1', '2021-01-28 16:10:17'),
(615, 'ID0018049', 'KC BANJARBARU', '2021-01-28 16:10:17'),
(616, 'ID0018050', 'KC PALU 2', '2021-01-28 16:10:17'),
(617, 'ID0018051', 'KC KENDARI MT HARYONO', '2021-01-28 16:10:17'),
(618, 'ID0018052', 'KC SUKABUMI A YANI', '2021-01-28 16:10:17'),
(619, 'ID0018053', 'KC LHOKSEUMAWE 2', '2021-01-28 16:10:17'),
(620, 'ID0018054', 'KC PROBOLINGGO', '2021-01-28 16:10:17'),
(621, 'ID0018055', 'KC TANAH SAREAL ', '2021-01-28 16:10:17'),
(622, 'ID0018056', 'KC VETERAN MAKASSAR', '2021-01-28 16:10:17'),
(623, 'ID0018057', 'KC TELUK BETUNG', '2021-01-28 16:10:17'),
(624, 'ID0018058', 'KC SURABAYA MERR 1', '2021-01-28 16:10:17'),
(625, 'ID0018059', 'KC DINOYO', '2021-01-28 16:10:17'),
(626, 'ID0018060', 'KC PANAM ARENGKA', '2021-01-28 16:10:17'),
(627, 'ID0018061', 'KC KOTA BATURAJA', '2021-01-28 16:10:17'),
(628, 'ID0018062', 'KC LUBUK LINGGAU', '2021-01-28 16:10:17'),
(629, 'ID0018063', 'KC ASTANA ANYAR', '2021-01-28 16:10:17'),
(630, 'ID0018064', 'KC KM.12 PALEMBANG', '2021-01-28 16:10:17'),
(631, 'ID0018065', 'KC CAKRANEGARA', '2021-01-28 16:10:17'),
(632, 'ID0018066', 'KC KOTA JAMBI', '2021-01-28 16:10:17'),
(633, 'ID0018067', 'KC PANORAMA BENGKULU', '2021-01-28 16:10:17'),
(634, 'ID0018068', 'KC MANDONGA KENDARI', '2021-01-28 16:10:17'),
(635, 'ID0018069', 'KC TERNATE 2', '2021-01-28 16:10:17'),
(636, 'ID0018070', 'KC BIMA', '2021-01-28 16:10:17'),
(637, 'ID0018071', 'KC PALOPO', '2021-01-28 16:10:17'),
(638, 'ID0018072', 'KC PAREPARE', '2021-01-28 16:10:17'),
(639, 'ID0018073', 'KCP GODEAN 2', '2021-01-28 16:10:17'),
(640, 'ID0018074', 'KCP SLEMAN 2', '2021-01-28 16:10:17'),
(641, 'ID0018075', 'KCP KALIURANG', '2021-01-28 16:10:17'),
(642, 'ID0018076', 'KCP BANTUL 2', '2021-01-28 16:10:17'),
(643, 'ID0018077', 'KCP FE UII', '2021-01-28 16:10:17'),
(644, 'ID0018078', 'KCP TEGAL', '2021-01-28 16:10:17'),
(645, 'ID0018079', 'KCP BREBES 2', '2021-01-28 16:10:17'),
(646, 'ID0018080', 'KCP UNIVERSITAS SULTAN AGUNG SEMARANG', '2021-01-28 16:10:17'),
(647, 'ID0018081', 'KCP UNGARAN 2', '2021-01-28 16:10:17'),
(648, 'ID0018082', 'KCP HIDAYATULLAH', '2021-01-28 16:10:17'),
(649, 'ID0018083', 'KCP MAGELANG SUDIRMAN', '2021-01-28 16:10:17'),
(650, 'ID0018084', 'KCP PASURUAN 2', '2021-01-28 16:10:17'),
(651, 'ID0018085', 'KCP BATU', '2021-01-28 16:10:17'),
(652, 'ID0018086', 'KCP KEPANJEN 2', '2021-01-28 16:10:17'),
(653, 'ID0018087', 'KCP SUNGAI DANAU', '2021-01-28 16:10:17'),
(654, 'ID0018088', 'KCP BATULICIN 2', '2021-01-28 16:10:17'),
(655, 'ID0018089', 'KCP KALIMALANG', '2021-01-28 16:10:17'),
(656, 'ID0018090', 'KCP CIBUBUR', '2021-01-28 16:10:17'),
(657, 'ID0018091', 'KCP DEWI SARTIKA', '2021-01-28 16:10:17'),
(658, 'ID0018092', 'KCP BUARAN', '2021-01-28 16:10:17'),
(659, 'ID0018093', 'KCP OTISTA', '2021-01-28 16:10:17'),
(660, 'ID0018094', 'KCP LUBANG BUAYA', '2021-01-28 16:10:17'),
(661, 'ID0018095', 'KCP PASAR INDUK', '2021-01-28 16:10:17'),
(662, 'ID0018096', 'KCP PANGLIMA POLIM', '2021-01-28 16:10:17'),
(663, 'ID0018097', 'KCP KALIBATA', '2021-01-28 16:10:17'),
(664, 'ID0018098', 'KCP UIN SYARIF HIDAYATULLAH', '2021-01-28 16:10:17'),
(665, 'ID0018099', 'KCP CILANDAK', '2021-01-28 16:10:17'),
(666, 'ID0018100', 'KCP BINTARO VETERAN', '2021-01-28 16:10:17'),
(667, 'ID0018101', 'KCP TEBET', '2021-01-28 16:10:17'),
(668, 'ID0018102', 'KCP BUAH BATU', '2021-01-28 16:10:17'),
(669, 'ID0018103', 'KCP DAGO', '2021-01-28 16:10:17'),
(670, 'ID0018104', 'KCP SUROPATICORE', '2021-01-28 16:10:17'),
(671, 'ID0018105', 'KCP CIMAHI', '2021-01-28 16:10:17'),
(672, 'ID0018106', 'KCP GEGER KALONG', '2021-01-28 16:10:17'),
(673, 'ID0018107', 'KCP CINUNUK', '2021-01-28 16:10:17'),
(674, 'ID0018108', 'KCP GARUT', '2021-01-28 16:10:17'),
(675, 'ID0018109', 'KCP BANDAR BUAT', '2021-01-28 16:10:17'),
(676, 'ID0018110', 'KCP GAJAH MADA', '2021-01-28 16:10:17'),
(677, 'ID0018111', 'KCP SOLOK M YAMIN', '2021-01-28 16:10:17'),
(678, 'ID0018112', 'KCP GOWA WAHID KASYIM', '2021-01-28 16:10:17'),
(679, 'ID0018113', 'KCP PETTARANI ', '2021-01-28 16:10:17'),
(680, 'ID0018114', 'KCP KATAMSO', '2021-01-28 16:10:17'),
(681, 'ID0018115', 'KCP BINJAI', '2021-01-28 16:10:17'),
(682, 'ID0018116', 'KCP ISKANDAR MUDA 1', '2021-01-28 16:10:17'),
(683, 'ID0018117', 'KCP PEMATANG SIANTAR', '2021-01-28 16:10:17'),
(684, 'ID0018118', 'KCP PADANG SIDIMPUAN', '2021-01-28 16:10:17'),
(685, 'ID0018119', 'KCP LUBUK PAKAM', '2021-01-28 16:10:17'),
(686, 'ID0018120', 'KCP LUBUK LINGGAU 2', '2021-01-28 16:10:17'),
(687, 'ID0018121', 'KCP DEMANG', '2021-01-28 16:10:17'),
(688, 'ID0018122', 'KCP KEMENTERIAN AGAMA RI', '2021-01-28 16:10:17'),
(689, 'ID0018123', 'KCP MAHKAMAH AGUNG', '2021-01-28 16:10:17'),
(690, 'ID0018124', 'KCP TEMPO PAVILION', '2021-01-28 16:10:17'),
(691, 'ID0018125', 'KCP SEKRETARIAT MAHKAMAH AGUNG', '2021-01-28 16:10:17'),
(692, 'ID0018126', 'KCP KRAMAT', '2021-01-28 16:10:17'),
(693, 'ID0018127', 'KCP TANAH ABANG', '2021-01-28 16:10:17'),
(694, 'ID0018128', 'KCP JAKARTA PUSAT', '2021-01-28 16:10:17'),
(695, 'ID0018129', 'KCP MAMPANG', '2021-01-28 16:10:17'),
(696, 'ID0018130', 'KCP RAJAWALI', '2021-01-28 16:10:17'),
(697, 'ID0018131', 'KCP SIDOARJO', '2021-01-28 16:10:17'),
(698, 'ID0018132', 'KCP GRESIK', '2021-01-28 16:10:17'),
(699, 'ID0018133', 'KCP DIPONEGORO', '2021-01-28 16:10:17'),
(700, 'ID0018134', 'KCP MOJOKERTO 2', '2021-01-28 16:10:17'),
(701, 'ID0018135', 'KCP SUMENEP 2', '2021-01-28 16:10:17'),
(702, 'ID0018136', 'KCP PANAM', '2021-01-28 16:10:17'),
(703, 'ID0018137', 'KCP PANGKALAN KERINCI 2', '2021-01-28 16:10:17'),
(704, 'ID0018138', 'KCP PLERED', '2021-01-28 16:10:17'),
(705, 'ID0018139', 'KCP KUNINGAN 2', '2021-01-28 16:10:17'),
(706, 'ID0018140', 'KCP MAJALENGKA 2', '2021-01-28 16:10:17'),
(707, 'ID0018141', 'KCP SRAGEN ATRIUM', '2021-01-28 16:10:17'),
(708, 'ID0018142', 'KCP KLATEN 2', '2021-01-28 16:10:17'),
(709, 'ID0018143', 'KCP SUKOHARJO', '2021-01-28 16:10:17'),
(710, 'ID0018144', 'KCP BOYOLALI 2', '2021-01-28 16:10:17'),
(711, 'ID0018145', 'KCP TAJUR', '2021-01-28 16:10:17'),
(712, 'ID0018146', 'KCP CIBUBUR COUNTRY', '2021-01-28 16:10:17'),
(713, 'ID0018147', 'KCP CIBINONG', '2021-01-28 16:10:17'),
(714, 'ID0018148', 'KCP DRAMAGA ', '2021-01-28 16:10:17'),
(715, 'ID0018149', 'KCP CISARUA', '2021-01-28 16:10:17'),
(716, 'ID0018150', 'KCP BALIKPAPAN BARU 2', '2021-01-28 16:10:17'),
(717, 'ID0018151', 'KCP PASAR KOJA', '2021-01-28 16:10:17'),
(718, 'ID0018152', 'KCP ENGGANO', '2021-01-28 16:10:17'),
(719, 'ID0018153', 'KCP HARCO MANGGA DUA', '2021-01-28 16:10:17'),
(720, 'ID0018154', 'KCP CEMPAKA MAS', '2021-01-28 16:10:17'),
(721, 'ID0018155', 'KCP SUNTER', '2021-01-28 16:10:17'),
(722, 'ID0018156', 'KCP PLUMPANG', '2021-01-28 16:10:17'),
(723, 'ID0018157', 'KCP GADING SERPONG', '2021-01-28 16:10:17'),
(724, 'ID0018158', 'KCP BINTARO KEBAYORAN ARCADE', '2021-01-28 16:10:17'),
(725, 'ID0018159', 'KCP PAMULANG', '2021-01-28 16:10:17'),
(726, 'ID0018160', 'KCP PONDOK PINANG', '2021-01-28 16:10:17'),
(727, 'ID0018161', 'KCP RAJABASA', '2021-01-28 16:10:17'),
(728, 'ID0018162', 'KCP MADIUN', '2021-01-28 16:10:17'),
(729, 'ID0018163', 'KCP TULUNGAGUNG 2', '2021-01-28 16:10:17'),
(730, 'ID0018164', 'KCP GUDANG GARAM', '2021-01-28 16:10:17'),
(731, 'ID0018165', 'KCP BANYUWANGI', '2021-01-28 16:10:17'),
(732, 'ID0018166', 'KCP AMBULU ', '2021-01-28 16:10:17'),
(733, 'ID0018167', 'KCP BONDOWOSO ', '2021-01-28 16:10:17'),
(734, 'ID0018168', 'KCP GENTENG DIPONOGORO', '2021-01-28 16:10:17'),
(735, 'ID0018169', 'KCP KENCONG ', '2021-01-28 16:10:17'),
(736, 'ID0018170', 'KCP SITUBONDO A YANI', '2021-01-28 16:10:17'),
(737, 'ID0018171', 'KCP MEULABOH', '2021-01-28 16:10:17'),
(738, 'ID0018172', 'KCP MEUREUDU 2', '2021-01-28 16:10:17'),
(739, 'ID0018173', 'KCP TEUKU UMAR', '2021-01-28 16:10:17'),
(740, 'ID0018174', 'KCP KEUTAPANG', '2021-01-28 16:10:17'),
(741, 'ID0018175', 'KCP LAMBARO 1', '2021-01-28 16:10:17'),
(742, 'ID0018176', 'KCP PEUNAYONG 1', '2021-01-28 16:10:17'),
(743, 'ID0018177', 'KCP JL. NASIONAL', '2021-01-28 16:10:17'),
(744, 'ID0018178', 'KCP BEUREUNUEN', '2021-01-28 16:10:17'),
(745, 'ID0018179', 'KCP UNSYIAH DARUSSALAM', '2021-01-28 16:10:17'),
(746, 'ID0018180', 'KCP LUENGBATA', '2021-01-28 16:10:17'),
(747, 'ID0018181', 'KCP NAGAN RAYA 1', '2021-01-28 16:10:17'),
(748, 'ID0018182', 'KCP SABANG 2', '2021-01-28 16:10:17'),
(749, 'ID0018183', 'KCP BLANG PIDIE', '2021-01-28 16:10:17'),
(750, 'ID0018184', 'KCP TAPAKTUAN', '2021-01-28 16:10:17'),
(751, 'ID0018185', 'KCP SUBULUSSALAM 2', '2021-01-28 16:10:17'),
(752, 'ID0018186', 'KCP ULEE KARENG', '2021-01-28 16:10:17'),
(753, 'ID0018187', 'KCP JABABEKA CIKARANG', '2021-01-28 16:10:17'),
(754, 'ID0018188', 'KCP TAMBUN', '2021-01-28 16:10:17'),
(755, 'ID0018189', 'KCP PONDOK GEDE', '2021-01-28 16:10:17'),
(756, 'ID0018190', 'KCP HARAPAN INDAH', '2021-01-28 16:10:17'),
(757, 'ID0018191', 'KCP JATIASIH', '2021-01-28 16:10:17'),
(758, 'ID0018192', 'KCP BATUAJI', '2021-01-28 16:10:17'),
(759, 'ID0018193', 'KCP TJ BALAI KARIMUN 2', '2021-01-28 16:10:17'),
(760, 'ID0018194', 'KCP TANJUNG DUREN', '2021-01-28 16:10:17'),
(761, 'ID0018195', 'KCP CENGKARENG', '2021-01-28 16:10:17'),
(762, 'ID0018196', 'KCP CILEDUG', '2021-01-28 16:10:17'),
(763, 'ID0018197', 'KCP SERANG', '2021-01-28 16:10:17'),
(764, 'ID0018198', 'KCP KARAWACI', '2021-01-28 16:10:17'),
(765, 'ID0018199', 'KCP CIKUPA', '2021-01-28 16:10:17'),
(766, 'ID0018200', 'KCP BALARAJA', '2021-01-28 16:10:17'),
(767, 'ID0018202', 'KCP CINERE', '2021-01-28 16:10:17'),
(768, 'ID0018203', 'KCP SAWANGAN', '2021-01-28 16:10:17'),
(769, 'ID0018204', 'KCP TARAKAN 2', '2021-01-28 16:10:17'),
(770, 'ID0018205', 'KCP BONTANG', '2021-01-28 16:10:17'),
(771, 'ID0018206', 'KCP SINTANG 2', '2021-01-28 16:10:17'),
(772, 'ID0018207', 'KCP CILACAP', '2021-01-28 16:10:17'),
(773, 'ID0018208', 'KCP WARU', '2021-01-28 16:10:17'),
(774, 'ID0018209', 'KCP JOMBANG 2', '2021-01-28 16:10:17'),
(775, 'ID0018210', 'KCP SINGARAJA A YANI', '2021-01-28 16:10:17'),
(776, 'ID0018211', 'KCP SELONG', '2021-01-28 16:10:17'),
(777, 'ID0018212', 'KCP PAYAKUMBUH', '2021-01-28 16:10:17'),
(778, 'ID0018213', 'KCP CIKAMPEK CENTRAL', '2021-01-28 16:10:17'),
(779, 'ID0018214', 'KCP CIAMIS SUDIRMAN', '2021-01-28 16:10:17'),
(780, 'ID0018215', 'KCP JEPARA 2', '2021-01-28 16:10:17'),
(781, 'ID0018216', 'KCP PATI', '2021-01-28 16:10:17'),
(782, 'ID0018217', 'KCP MARTAPURA', '2021-01-28 16:10:17'),
(783, 'ID0018218', 'KCP CIANJUR', '2021-01-28 16:10:17'),
(784, 'ID0018219', 'KCP BIREUEN 2', '2021-01-28 16:10:17'),
(785, 'ID0018220', 'KCP TAKENGON 2', '2021-01-28 16:10:17'),
(786, 'ID0018221', 'KCP KUALA SIMPANG 2', '2021-01-28 16:10:17'),
(787, 'ID0018222', 'KCP PANTON LABU 2', '2021-01-28 16:10:17'),
(788, 'ID0018223', 'KCP BENER MERIAH 2', '2021-01-28 16:10:17'),
(789, 'ID0018224', 'KCP IDI RAYEUK 2', '2021-01-28 16:10:17'),
(790, 'ID0018225', 'KCP MATANG GLUMPANG DUA', '2021-01-28 16:10:17'),
(791, 'ID0018226', 'KCP PIM LHOKSEUMAWE', '2021-01-28 16:10:17'),
(792, 'ID0018227', 'KCP SUKARAMAI', '2021-01-28 16:10:17'),
(793, 'ID0018228', 'KCP LHOKSUKON 2', '2021-01-28 16:10:17'),
(794, 'ID0018229', 'KCP KUTACANE', '2021-01-28 16:10:17'),
(795, 'ID0018230', 'KCP BOGOR GROSIR', '2021-01-28 16:10:17'),
(796, 'ID0018231', 'KCP CITEUREUP', '2021-01-28 16:10:17'),
(797, 'ID0018232', 'KCP CILEUNGSI', '2021-01-28 16:10:17'),
(798, 'ID0018233', 'KCP KARTINI  ', '2021-01-28 16:10:17'),
(799, 'ID0018234', 'KCP MAYOR OKING', '2021-01-28 16:10:17'),
(800, 'ID0018235', 'KCP PANGKEP', '2021-01-28 16:10:17'),
(801, 'ID0018236', 'KCP MAROS 2', '2021-01-28 16:10:17'),
(802, 'ID0018237', 'KCP TAMALANREA', '2021-01-28 16:10:17'),
(803, 'ID0018238', 'KCP BULUKUMBA 2', '2021-01-28 16:10:17'),
(804, 'ID0018239', 'KCP TAKALAR', '2021-01-28 16:10:17'),
(805, 'ID0018240', 'KCP ANTASARI', '2021-01-28 16:10:17'),
(806, 'ID0018241', 'KCP BANDAR JAYA', '2021-01-28 16:10:17'),
(807, 'ID0018242', 'KCP PRINGSEWU 2', '2021-01-28 16:10:17'),
(808, 'ID0018243', 'KCP UNIT 2 BANJAR AGUNG', '2021-01-28 16:10:17');
INSERT INTO `tbl_unit` (`no`, `kd_unit`, `nm_unit`, `createDate`) VALUES
(809, 'ID0018244', 'KCP METRO', '2021-01-28 16:10:17'),
(810, 'ID0018245', 'KCP PS BABAT', '2021-01-28 16:10:17'),
(811, 'ID0018246', 'KCP KARTINI GRESIK', '2021-01-28 16:10:17'),
(812, 'ID0018247', 'KCP WIYUNG', '2021-01-28 16:10:17'),
(813, 'ID0018248', 'KCP SUNAN AMPEL', '2021-01-28 16:10:17'),
(814, 'ID0018249', 'KCP SURODINAWAN', '2021-01-28 16:10:17'),
(815, 'ID0018250', 'KCP PANDAAN KARTINI', '2021-01-28 16:10:17'),
(816, 'ID0018251', 'KCP SINGOSARI', '2021-01-28 16:10:17'),
(817, 'ID0018252', 'KCP MALANG KOTA', '2021-01-28 16:10:17'),
(818, 'ID0018253', 'KCP PAKIS', '2021-01-28 16:10:17'),
(819, 'ID0018254', 'KCP LUMAJANG 2', '2021-01-28 16:10:17'),
(820, 'ID0018255', 'KCP FLAMBOYAN BANGKINANG', '2021-01-28 16:10:17'),
(821, 'ID0018256', 'KCP GUNUNG RAYA KANDIS', '2021-01-28 16:10:17'),
(822, 'ID0018257', 'KCP KOTA DURI', '2021-01-28 16:10:17'),
(823, 'ID0018258', 'KCP PEKANBARU KOTA', '2021-01-28 16:10:17'),
(824, 'ID0018259', 'KCP UJUNG BATU 2', '2021-01-28 16:10:17'),
(825, 'ID0018260', 'KCP GUMAWANG BELITANG', '2021-01-28 16:10:17'),
(826, 'ID0018261', 'KCP KOTA MARTAPURA', '2021-01-28 16:10:17'),
(827, 'ID0018262', 'KCP PRABUMULIH', '2021-01-28 16:10:17'),
(828, 'ID0018263', 'KCP TUGUMULYO KAYU AGUNG', '2021-01-28 16:10:17'),
(829, 'ID0018264', 'KCP INDRALAYA', '2021-01-28 16:10:17'),
(830, 'ID0018265', 'KCP MUARA ENIM', '2021-01-28 16:10:17'),
(831, 'ID0018266', 'KCP MUARA BELITI', '2021-01-28 16:10:17'),
(832, 'ID0018267', 'KCP PAGAR ALAM', '2021-01-28 16:10:17'),
(833, 'ID0018268', 'KCP TEBING TINGGI 2', '2021-01-28 16:10:17'),
(834, 'ID0018269', 'KCP TUGU MULYO LINGGAU', '2021-01-28 16:10:17'),
(835, 'ID0018270', 'KCP SUMEDANG 2', '2021-01-28 16:10:17'),
(836, 'ID0018271', 'KCP KOPO SAYATI', '2021-01-28 16:10:17'),
(837, 'ID0018272', 'KCP PAGADEN SUBANG', '2021-01-28 16:10:17'),
(838, 'ID0018273', 'KCP CIMAREME', '2021-01-28 16:10:17'),
(839, 'ID0018274', 'KCP SUNGAI LILIN 2', '2021-01-28 16:10:17'),
(840, 'ID0018275', 'KCP SEKAYU', '2021-01-28 16:10:17'),
(841, 'ID0018276', 'KCP PALEMBANG KOTA', '2021-01-28 16:10:17'),
(842, 'ID0018277', 'KCP PANGKALAN BALAI', '2021-01-28 16:10:17'),
(843, 'ID0018278', 'KCP KENTEN', '2021-01-28 16:10:17'),
(844, 'ID0018279', 'KCP PRAYA 2', '2021-01-28 16:10:17'),
(845, 'ID0018280', 'KCP MASBAGIK', '2021-01-28 16:10:17'),
(846, 'ID0018281', 'KCP GERUNG', '2021-01-28 16:10:17'),
(847, 'ID0018282', 'KCP BERTAIS', '2021-01-28 16:10:17'),
(848, 'ID0018283', 'KCP AMPENAN', '2021-01-28 16:10:17'),
(849, 'ID0018284', 'KCP RIMBO BUJANG', '2021-01-28 16:10:17'),
(850, 'ID0018285', 'KCP SINGKUT', '2021-01-28 16:10:17'),
(851, 'ID0018286', 'KCP BANGKO 1', '2021-01-28 16:10:17'),
(852, 'ID0018287', 'KCP KUAMANG KUNING', '2021-01-28 16:10:17'),
(853, 'ID0018288', 'KCP SIPIN', '2021-01-28 16:10:17'),
(854, 'ID0018289', 'KCP IPUH MUKOMUKO', '2021-01-28 16:10:17'),
(855, 'ID0018290', 'KCP ARGAMAKMUR', '2021-01-28 16:10:17'),
(856, 'ID0018291', 'KCP SELUMA', '2021-01-28 16:10:17'),
(857, 'ID0018292', 'KCP AMPERA MANNA', '2021-01-28 16:10:17'),
(858, 'ID0018293', 'KCP PAGAR DEWA', '2021-01-28 16:10:17'),
(859, 'ID0018294', 'KCP MUNA', '2021-01-28 16:10:17'),
(860, 'ID0018295', 'KCP KOLAKA', '2021-01-28 16:10:17'),
(861, 'ID0018296', 'KCP BAUBAU BATARAGURU', '2021-01-28 16:10:17'),
(862, 'ID0018297', 'KCP LASUSUA', '2021-01-28 16:10:17'),
(863, 'ID0018298', 'KCP JAILOLO', '2021-01-28 16:10:17'),
(864, 'ID0018299', 'KCP TOBELO', '2021-01-28 16:10:17'),
(865, 'ID0018300', 'KCP MOROTAI', '2021-01-28 16:10:17'),
(866, 'ID0018301', 'KCP LABUHA', '2021-01-28 16:10:17'),
(867, 'ID0018302', 'KCP DOMPU', '2021-01-28 16:10:17'),
(868, 'ID0018303', 'KCP SUMBAWA BESAR', '2021-01-28 16:10:17'),
(869, 'ID0018304', 'KCP SAPE', '2021-01-28 16:10:17'),
(870, 'ID0018305', 'KCP BELOPA', '2021-01-28 16:10:17'),
(871, 'ID0018306', 'KCP MASAMBA', '2021-01-28 16:10:17'),
(872, 'ID0018307', 'KCP TOMONI', '2021-01-28 16:10:17'),
(873, 'ID0018308', 'KCP SENGKANG PAGGARU', '2021-01-28 16:10:17'),
(874, 'ID0018309', 'KCP WONOMULYO', '2021-01-28 16:10:17'),
(875, 'ID0018310', 'KCP SIDRAP', '2021-01-28 16:10:17'),
(876, 'ID0018311', 'KCP ENREKANG', '2021-01-28 16:10:17'),
(877, 'ID0018312', 'KCP WATANSOPPENG', '2021-01-28 16:10:17'),
(878, 'ID0018313', 'KCP TERBAN', '2021-01-28 16:10:17'),
(879, 'ID0019003', 'KC JAKARTA ABDUL MUIS', '2021-01-28 16:10:17'),
(880, 'ID0019004', 'KC BANDUNG CITARUM', '2021-01-28 16:10:17'),
(881, 'ID0019005', 'KC SEMARANG MT HARYONO', '2021-01-28 16:10:17'),
(882, 'ID0019006', 'KC SURABAYA MERR 2', '2021-01-28 16:10:17'),
(883, 'ID0019007', 'KC BANJARMASIN A YANI', '2021-01-28 16:10:17'),
(884, 'ID0019008', 'KC MAKASSAR PETTARANI', '2021-01-28 16:10:17'),
(885, 'ID0019009', 'KC MEDAN S PARMAN', '2021-01-28 16:10:17'),
(886, 'ID0019010', 'KC PALEMBANG A RIVAI', '2021-01-28 16:10:17'),
(887, 'ID0019011', 'KC JKT WAHID HASYIM', '2021-01-28 16:10:17'),
(888, 'ID0019012', 'KC TANGERANG BSD 2', '2021-01-28 16:10:17'),
(889, 'ID0019013', 'KC BOGOR AHMAD YANI', '2021-01-28 16:10:17'),
(890, 'ID0019014', 'KC TNG DAAN MOGOT', '2021-01-28 16:10:17'),
(891, 'ID0019015', 'KC CILEGON TIRTAYASA', '2021-01-28 16:10:17'),
(892, 'ID0019016', 'KC CIANJUR ABDULLAH BN', '2021-01-28 16:10:17'),
(893, 'ID0019017', 'KC BANDUNG SUNIARAJA', '2021-01-28 16:10:17'),
(894, 'ID0019018', 'KC CIREBON SILIWANGI', '2021-01-28 16:10:17'),
(895, 'ID0019019', 'KC YOGYAKARTA SUDARSO', '2021-01-28 16:10:17'),
(896, 'ID0019020', 'KC SOLO VETERAN', '2021-01-28 16:10:17'),
(897, 'ID0019021', 'KC MALANG SOETTA', '2021-01-28 16:10:17'),
(898, 'ID0019022', 'KC KEDIRI HASSANUDIN', '2021-01-28 16:10:17'),
(899, 'ID0019023', 'KC MATARAM SRIWIJAYA', '2021-01-28 16:10:17'),
(900, 'ID0019024', 'KC BANDA ACEH DAUD BRH', '2021-01-28 16:10:17'),
(901, 'ID0019025', 'KC PADANG VETERAN', '2021-01-28 16:10:17'),
(902, 'ID0019026', 'KC PEKANBARU A AHMAD', '2021-01-28 16:10:17'),
(903, 'ID0019027', 'KC JAMBI HAYAM WURUK', '2021-01-28 16:10:17'),
(904, 'ID0019028', 'KC BDR LAMPUNG KEDATON', '2021-01-28 16:10:17'),
(905, 'ID0019029', 'KC SAMARINDA BHYKARA', '2021-01-28 16:10:17'),
(906, 'ID0019030', 'KC BALIKPAPAN SUDIRMAN', '2021-01-28 16:10:17'),
(907, 'ID0019031', 'KC PONTIANAK G SULUNG', '2021-01-28 16:10:17'),
(908, 'ID0019032', 'KC TEGAL SUDIRMAN', '2021-01-28 16:10:17'),
(909, 'ID0019033', 'KC PURWOKERTO KR KOBAR', '2021-01-28 16:10:17'),
(910, 'ID0019034', 'KC BEKASI SQUARE', '2021-01-28 16:10:17'),
(911, 'ID0019035', 'KC JKT TANJUNG PRIOK', '2021-01-28 16:10:17'),
(912, 'ID0019036', 'KC JAKARTA FATMAWATI', '2021-01-28 16:10:17'),
(913, 'ID0019037', 'KC SURABAYA DIPONEGORO', '2021-01-28 16:10:17'),
(914, 'ID0019038', 'KC BENGKULU S.PARMAN', '2021-01-28 16:10:17'),
(915, 'ID0019039', 'KC KENDARI A SILONDAE', '2021-01-28 16:10:17'),
(916, 'ID0019040', 'KC BATAM BSNS CENTER', '2021-01-28 16:10:17'),
(917, 'ID0019041', 'KC PALU W MONGINSIDI', '2021-01-28 16:10:17'),
(918, 'ID0019042', 'KC DENPASAR MAHENDRADT', '2021-01-28 16:10:17'),
(919, 'ID0019043', 'KC MANADO TENDEAN', '2021-01-28 16:10:17'),
(920, 'ID0019044', 'KC JAKARTA KEBON JERUK', '2021-01-28 16:10:17'),
(921, 'ID0019045', 'KC B ACEH CUT MEUTIA', '2021-01-28 16:10:17'),
(922, 'ID0019046', 'KC BIREUEN 2', '2021-01-28 16:10:17'),
(923, 'ID0019047', 'KC BLANGPIDIE', '2021-01-28 16:10:17'),
(924, 'ID0019048', 'KC KUTACANE', '2021-01-28 16:10:17'),
(925, 'ID0019049', 'KC KUALA SIMPANG', '2021-01-28 16:10:17'),
(926, 'ID0019050', 'KC LANGSA DARUSSALAM', '2021-01-28 16:10:17'),
(927, 'ID0019051', 'KC LHOKSEUMAWE MERDEKA', '2021-01-28 16:10:17'),
(928, 'ID0019052', 'KC MEULABOH 2', '2021-01-28 16:10:17'),
(929, 'ID0019053', 'KC SIGLI 2', '2021-01-28 16:10:17'),
(930, 'ID0019054', 'KC TAKENGON', '2021-01-28 16:10:17'),
(931, 'ID0019055', 'KC TAPAKTUAN', '2021-01-28 16:10:17'),
(932, 'ID0019056', 'KC SIDOARJO AHMAD YANI', '2021-01-28 16:10:17'),
(933, 'ID0019057', 'KC DEPOK MARGONDA', '2021-01-28 16:10:17'),
(934, 'ID0019058', 'KC GRESIK DR SUTOMO', '2021-01-28 16:10:17'),
(935, 'ID0019059', 'KC PASURUAN SUDIRMAN', '2021-01-28 16:10:17'),
(936, 'ID0019060', 'KC JOMBANG W HASYIM', '2021-01-28 16:10:17'),
(937, 'ID0019061', 'KC BANYUWANGI A YANI', '2021-01-28 16:10:17'),
(938, 'ID0019062', 'KC SKB MARTADINATA', '2021-01-28 16:10:17'),
(939, 'ID0019063', 'KC PEKALONGAN YAGIS', '2021-01-28 16:10:17'),
(940, 'ID0019064', 'KC PURWAKARTA G NEGARA', '2021-01-28 16:10:17'),
(941, 'ID0019065', 'KC TASIKMALAYA A YANI', '2021-01-28 16:10:17'),
(942, 'ID0019066', 'KC JEMBER TRUNOJOYO', '2021-01-28 16:10:17'),
(943, 'ID0019067', 'KC MADIUN S PARMAN', '2021-01-28 16:10:17'),
(944, 'ID0019068', 'KC PRABUMULIH SUDIRMAN', '2021-01-28 16:10:17'),
(945, 'ID0019069', 'KC LHOKSEUMAWE 3', '2021-01-28 16:10:17'),
(946, 'ID0019070', 'KC SIANTAR KARTINI', '2021-01-28 16:10:17'),
(947, 'ID0019071', 'KC PALANGKARAYA A YANI', '2021-01-28 16:10:17'),
(948, 'ID0019072', 'KC BUKITTINGGI HAMZAH', '2021-01-28 16:10:17'),
(949, 'ID0019073', 'KCP BIMA SOETTA', '2021-01-28 16:10:17'),
(950, 'ID0019074', 'KCP JAKARTA BENHIL', '2021-01-28 16:10:17'),
(951, 'ID0019075', 'KCP JKT DEWI SARTIKA', '2021-01-28 16:10:17'),
(952, 'ID0019076', 'KCP SLEMAN AFFANDI', '2021-01-28 16:10:17'),
(953, 'ID0019077', 'KCP CIMAHI AMIR MAHMUD', '2021-01-28 16:10:17'),
(954, 'ID0019078', 'KCP JAKARTA PALMERAH', '2021-01-28 16:10:17'),
(955, 'ID0019079', 'KCP JAKARTA CILEDUG', '2021-01-28 16:10:17'),
(956, 'ID0019080', 'KCP BEKASI KALIMALANG 2', '2021-01-28 16:10:17'),
(957, 'ID0019081', 'KCP JAKARTA CIBUBUR', '2021-01-28 16:10:17'),
(958, 'ID0019082', 'KCP BKS JATIWARINGIN', '2021-01-28 16:10:17'),
(959, 'ID0019083', 'KCP BANDUNG SETIABUDI', '2021-01-28 16:10:17'),
(960, 'ID0019084', 'KCP MAJALENGKA A HALIM', '2021-01-28 16:10:17'),
(961, 'ID0019085', 'KCP KUDUS A YANI', '2021-01-28 16:10:17'),
(962, 'ID0019086', 'KCP SIDOARJO GATEWAY', '2021-01-28 16:10:17'),
(963, 'ID0019087', 'KCP BINJAI SUDIRMAN', '2021-01-28 16:10:17'),
(964, 'ID0019088', 'KCP JAKARTA MATRAMAN', '2021-01-28 16:10:17'),
(965, 'ID0019089', 'KCP JKT ITC MANGGA DUA', '2021-01-28 16:10:17'),
(966, 'ID0019090', 'KCP TNG JATIUWUNG', '2021-01-28 16:10:17'),
(967, 'ID0019091', 'KCP BANDUNG BUAH BATU 2', '2021-01-28 16:10:17'),
(968, 'ID0019092', 'KCP INDRAMAYU SPRAPTO', '2021-01-28 16:10:17'),
(969, 'ID0019093', 'KCP SURABAYA RUNGKUT 2', '2021-01-28 16:10:17'),
(970, 'ID0019094', 'KCP JKT TANAH ABANG', '2021-01-28 16:10:17'),
(971, 'ID0019095', 'KCP PALEMBANG SUDIRMAN', '2021-01-28 16:10:17'),
(972, 'ID0019096', 'KCP SURABAYA HR MOCH', '2021-01-28 16:10:17'),
(973, 'ID0019097', 'KCP BANGKALAN TRUNOJYO', '2021-01-28 16:10:17'),
(974, 'ID0019098', 'KCP YOGYAKARTA DAHLAN', '2021-01-28 16:10:17'),
(975, 'ID0019099', 'KCP SEMARANG MAJAPAHIT', '2021-01-28 16:10:17'),
(976, 'ID0019100', 'KCP BPP PANDANSARI', '2021-01-28 16:10:17'),
(977, 'ID0019101', 'KCP BOGOR PAJAJARAN', '2021-01-28 16:10:17'),
(978, 'ID0019102', 'KCP JAKARTA MERUYA 2', '2021-01-28 16:10:17'),
(979, 'ID0019103', 'KCP JKT WARUNG BUNCIT', '2021-01-28 16:10:17'),
(980, 'ID0019104', 'KCP JKT KELAPA GADING', '2021-01-28 16:10:17'),
(981, 'ID0019105', 'KCP JAKARTA RAWAMANGUN', '2021-01-28 16:10:17'),
(982, 'ID0019106', 'KCP MAKASAR TAMALANREA', '2021-01-28 16:10:17'),
(983, 'ID0019107', 'KCP SAMARINDA A YANI', '2021-01-28 16:10:17'),
(984, 'ID0019108', 'KCP SERANG AHMAD YANI', '2021-01-28 16:10:17'),
(985, 'ID0019109', 'KCP JKT PASAR MINGGU', '2021-01-28 16:10:17'),
(986, 'ID0019110', 'KCP PONTIANAK A YANI', '2021-01-28 16:10:17'),
(987, 'ID0019111', 'KCP KARANGANYAR PALUR 2', '2021-01-28 16:10:17'),
(988, 'ID0019112', 'KCP BOGOR CIBINONG', '2021-01-28 16:10:17'),
(989, 'ID0019113', 'KCP MAGELANG SINGOSARI', '2021-01-28 16:10:17'),
(990, 'ID0019114', 'KCP METRO LAMPUNG', '2021-01-28 16:10:17'),
(991, 'ID0019115', 'KCP MALANG KEPANJEN', '2021-01-28 16:10:17'),
(992, 'ID0019116', 'KCP JAKARTA BINTARO', '2021-01-28 16:10:17'),
(993, 'ID0019117', 'KCP BANTUL SUDIRMAN', '2021-01-28 16:10:17'),
(994, 'ID0019118', 'KCP BANDUNG KOPO', '2021-01-28 16:10:17'),
(995, 'ID0019119', 'KCP JAKARTA MAYESTIK', '2021-01-28 16:10:17'),
(996, 'ID0019120', 'KCP BANJARBARU A YANI', '2021-01-28 16:10:17'),
(997, 'ID0019121', 'KCP MOJOKERTO MJAPAHIT', '2021-01-28 16:10:17'),
(998, 'ID0019122', 'KCP MAKASSAR ARIF RATE', '2021-01-28 16:10:17'),
(999, 'ID0019123', 'KCP JAKARTA CIPUTAT', '2021-01-28 16:10:17'),
(1000, 'ID0019124', 'KCP SUKABUMI CICURUG', '2021-01-28 16:10:17'),
(1001, 'ID0019125', 'KCP CIANJUR CIPANAS', '2021-01-28 16:10:17'),
(1002, 'ID0019126', 'KCP PONTIANAK SIANTAN', '2021-01-28 16:10:17'),
(1003, 'ID0019127', 'KCP BEKASI CIKARANG', '2021-01-28 16:10:17'),
(1004, 'ID0019128', 'KCP BEKASI TAMBUN 2', '2021-01-28 16:10:17'),
(1005, 'ID0019129', 'KCP TANGERANG CURUG', '2021-01-28 16:10:17'),
(1006, 'ID0019130', 'KCP TNG BALARAJA 2', '2021-01-28 16:10:17'),
(1007, 'ID0019131', 'KCP TNG TANAH TINGGI', '2021-01-28 16:10:17'),
(1008, 'ID0019132', 'KCP PANDEGLANG LPGN', '2021-01-28 16:10:17'),
(1009, 'ID0019133', 'KCP BOGOR TAJUR 2', '2021-01-28 16:10:17'),
(1010, 'ID0019134', 'KCP BANDUNG MAJALAYA', '2021-01-28 16:10:17'),
(1011, 'ID0019135', 'KCP BANDUNG CIJERAH', '2021-01-28 16:10:17'),
(1012, 'ID0019136', 'KCP BANDUNG UJG BERUNG', '2021-01-28 16:10:17'),
(1013, 'ID0019137', 'KCP CIANJUR CIRANJANG', '2021-01-28 16:10:17'),
(1014, 'ID0019138', 'KCP CIANJUR WR KONDANG', '2021-01-28 16:10:17'),
(1015, 'ID0019139', 'KCP CBN ARJAWINANGUN', '2021-01-28 16:10:17'),
(1016, 'ID0019140', 'KCP MAJALENGKA KDPATEN', '2021-01-28 16:10:17'),
(1017, 'ID0019141', 'KCP CILACAP GATSU', '2021-01-28 16:10:17'),
(1018, 'ID0019142', 'KCP BANYUMAS AJIBARANG', '2021-01-28 16:10:17'),
(1019, 'ID0019143', 'KCP PURBALINGGA HARYNO', '2021-01-28 16:10:17'),
(1020, 'ID0019144', 'KCP BREBES JATIBARANG', '2021-01-28 16:10:17'),
(1021, 'ID0019145', 'KCP BREBES KTANGGUNGAN', '2021-01-28 16:10:17'),
(1022, 'ID0019146', 'KCP JOMBANG MOJOAGUNG', '2021-01-28 16:10:17'),
(1023, 'ID0019147', 'KCP MALANG BATU PATIMURA', '2021-01-28 16:10:17'),
(1024, 'ID0019148', 'KCP MALANG PAKIS', '2021-01-28 16:10:17'),
(1025, 'ID0019149', 'KCP BWI ROGOJAMPI', '2021-01-28 16:10:17'),
(1026, 'ID0019150', 'KCP BANYUWANGI GENTENG', '2021-01-28 16:10:17'),
(1027, 'ID0019151', 'KCP MALANG SINGOSARI', '2021-01-28 16:10:17'),
(1028, 'ID0019152', 'KCP MALANG TUREN 2', '2021-01-28 16:10:17'),
(1029, 'ID0019153', 'KCP LOMBOK SELONG', '2021-01-28 16:10:17'),
(1030, 'ID0019154', 'KCP SAMARINDA SEBERANG', '2021-01-28 16:10:17'),
(1031, 'ID0019155', 'KCP BOGOR PARUNG', '2021-01-28 16:10:17'),
(1032, 'ID0019156', 'KCP BENGKULU PANORAMA', '2021-01-28 16:10:17'),
(1033, 'ID0019157', 'KCP JAMBI SIPIN 2', '2021-01-28 16:10:17'),
(1034, 'ID0019158', 'KCP LAMPUNG SRIBHAWONO', '2021-01-28 16:10:17'),
(1035, 'ID0019159', 'KCP LANGKAT STABAT', '2021-01-28 16:10:17'),
(1036, 'ID0019160', 'KCP SUMEDANG TJ SARI', '2021-01-28 16:10:17'),
(1037, 'ID0019161', 'KCP BANDUNG PADALARANG', '2021-01-28 16:10:17'),
(1038, 'ID0019162', 'KCP KLATEN PEMUDA', '2021-01-28 16:10:17'),
(1039, 'ID0019163', 'KCP TEGAL BANJARAN', '2021-01-28 16:10:17'),
(1040, 'ID0019164', 'KCP JOMBANG PLOSO', '2021-01-28 16:10:17'),
(1041, 'ID0019165', 'KCP MOJOKERTO MOJOSARI', '2021-01-28 16:10:17'),
(1042, 'ID0019166', 'KCP GRESIK MENGANTI', '2021-01-28 16:10:17'),
(1043, 'ID0019167', 'KCP MOJOKERTO BANGSAL', '2021-01-28 16:10:17'),
(1044, 'ID0019168', 'KCP MALANG BULULAWANG', '2021-01-28 16:10:17'),
(1045, 'ID0019169', 'KCP NGANJUK YOS SUDRSO', '2021-01-28 16:10:17'),
(1046, 'ID0019170', 'KCP KEDIRI PARE 2', '2021-01-28 16:10:17'),
(1047, 'ID0019171', 'KCP KEDIRI NGRONGGO', '2021-01-28 16:10:17'),
(1048, 'ID0019172', 'KCP SRAGEN ATRIUM', '2021-01-28 16:10:17'),
(1049, 'ID0019173', 'KCP SEPINGGAN ISWHYDI', '2021-01-28 16:10:17'),
(1050, 'ID0019174', 'KCP BOGOR CILEUNGSI', '2021-01-28 16:10:17'),
(1051, 'ID0019175', 'KCP LAMPUNG PRINGSEWU', '2021-01-28 16:10:17'),
(1052, 'ID0019176', 'KCP BDL BANDARJAYA', '2021-01-28 16:10:17'),
(1053, 'ID0019177', 'KCP DEMAK SULTN FATTAH', '2021-01-28 16:10:17'),
(1054, 'ID0019178', 'KCP BENGKALIS DURI', '2021-01-28 16:10:17'),
(1055, 'ID0019179', 'KCP PAYAKUMBUH A YANI', '2021-01-28 16:10:17'),
(1056, 'ID0019180', 'KCP SUKABUMI CIBADAK 2', '2021-01-28 16:10:17'),
(1057, 'ID0019181', 'KCP KEBUMEN AHMAD YANI', '2021-01-28 16:10:17'),
(1058, 'ID0019182', 'KCP PENAJAM PROPINSI', '2021-01-28 16:10:17'),
(1059, 'ID0019183', 'KCP PASER TANAH GROGOT', '2021-01-28 16:10:17'),
(1060, 'ID0019184', 'KCP ACEH BRT MEULABOH', '2021-01-28 16:10:17'),
(1061, 'ID0019185', 'KCP BJM KAYUTANGI', '2021-01-28 16:10:17'),
(1062, 'ID0019186', 'KCP BJM TELUK DALAM', '2021-01-28 16:10:17'),
(1063, 'ID0019187', 'KCP TABALONG TANJUNG', '2021-01-28 16:10:17'),
(1064, 'ID0019188', 'KCP SOREANG WHD HASYIM', '2021-01-28 16:10:17'),
(1065, 'ID0019189', 'KCP SUBANG OTISTA', '2021-01-28 16:10:17'),
(1066, 'ID0019190', 'KCP BANJAR PATROMAN', '2021-01-28 16:10:17'),
(1067, 'ID0019191', 'KCP CIAMIS PASIR MANIS', '2021-01-28 16:10:17'),
(1068, 'ID0019192', 'KCP GARUT CILEDUG', '2021-01-28 16:10:17'),
(1069, 'ID0019193', 'KCP BANDUNG RANCAEKEK 2', '2021-01-28 16:10:17'),
(1070, 'ID0019194', 'KCP BOGOR DRAMAGA 2', '2021-01-28 16:10:17'),
(1071, 'ID0019195', 'KCP TANGERANG PARAKAN', '2021-01-28 16:10:17'),
(1072, 'ID0019196', 'KCP JAKARTA SERPONG', '2021-01-28 16:10:17'),
(1073, 'ID0019197', 'KCP SUKABUMI PEL RATU', '2021-01-28 16:10:17'),
(1074, 'ID0019198', 'KCP CIANJUR SUKANAGARA', '2021-01-28 16:10:17'),
(1075, 'ID0019199', 'KCP CIKANDE MODERNLAND', '2021-01-28 16:10:17'),
(1076, 'ID0019200', 'KCP LABUAN SUDIRMAN', '2021-01-28 16:10:17'),
(1077, 'ID0019201', 'KCP LEBAK RANGKASBTG', '2021-01-28 16:10:17'),
(1078, 'ID0019202', 'KCP MUARA BUNGO SDRMAN', '2021-01-28 16:10:17'),
(1079, 'ID0019203', 'KCP JAMBI RIMBO BUJANG', '2021-01-28 16:10:17'),
(1080, 'ID0019204', 'KCP JAMBI SUNGAI BAHAR', '2021-01-28 16:10:17'),
(1081, 'ID0019205', 'KCP BLITAR TANJUNG', '2021-01-28 16:10:17'),
(1082, 'ID0019206', 'KCP MAGETAN MT HARYONO', '2021-01-28 16:10:17'),
(1083, 'ID0019207', 'KCP NGAWI SUDIRMAN', '2021-01-28 16:10:17'),
(1084, 'ID0019208', 'KCP PONOROGO SOETTA', '2021-01-28 16:10:17'),
(1085, 'ID0019209', 'KCP TRENGGALEK SDRMAN', '2021-01-28 16:10:17'),
(1086, 'ID0019210', 'KCP BONE JEPPEE', '2021-01-28 16:10:17'),
(1087, 'ID0019211', 'KCP PALOPO ANDI DJEMMA', '2021-01-28 16:10:17'),
(1088, 'ID0019212', 'KCP WAJO SUDIRMAN', '2021-01-28 16:10:17'),
(1089, 'ID0019213', 'KCP PINRANG AHMAD YANI', '2021-01-28 16:10:17'),
(1090, 'ID0019214', 'KCP GOWA SUNGGUMINASA', '2021-01-28 16:10:17'),
(1091, 'ID0019215', 'KCP LUMAJANG 3', '2021-01-28 16:10:17'),
(1092, 'ID0019216', 'KCP LOMBOK AIKMEL', '2021-01-28 16:10:17'),
(1093, 'ID0019217', 'KCP LOMBOK PRAYA', '2021-01-28 16:10:17'),
(1094, 'ID0019218', 'KCP LUBUK PAKAM SDRMAN', '2021-01-28 16:10:17'),
(1095, 'ID0019219', 'KCP RANTAU PRAPAT', '2021-01-28 16:10:17'),
(1096, 'ID0019220', 'KCP TEBING TINGGI SDMN', '2021-01-28 16:10:17'),
(1097, 'ID0019221', 'KCP SOLOK AHMAD DAHLAN', '2021-01-28 16:10:17'),
(1098, 'ID0019222', 'KCP PASAMAN SIMPANG 4', '2021-01-28 16:10:17'),
(1099, 'ID0019223', 'KCP PULAU PUNJUNG 2', '2021-01-28 16:10:17'),
(1100, 'ID0019224', 'KCP PANGKALPINANG SOET', '2021-01-28 16:10:17'),
(1101, 'ID0019225', 'KCP OKU BATURAJA', '2021-01-28 16:10:17'),
(1102, 'ID0019226', 'KCP BANGKA SUNGAILIAT', '2021-01-28 16:10:17'),
(1103, 'ID0019227', 'KCP OKI TUGUMULYO', '2021-01-28 16:10:17'),
(1104, 'ID0019228', 'KCP ROHIL BAGAN BATU', '2021-01-28 16:10:17'),
(1105, 'ID0019229', 'KCP KUANSING A YANI', '2021-01-28 16:10:17'),
(1106, 'ID0019230', 'KCP PELALAWAN MAHARAJA', '2021-01-28 16:10:17'),
(1107, 'ID0019231', 'KCP PONTIANAK KOTABARU', '2021-01-28 16:10:17'),
(1108, 'ID0019232', 'KCP SANGGAU AHMAD YANI', '2021-01-28 16:10:17'),
(1109, 'ID0019233', 'KCP SINGKAWANG MERDEKA', '2021-01-28 16:10:17'),
(1110, 'ID0019234', 'KCP SAMARINDA LOAJANAN', '2021-01-28 16:10:17'),
(1111, 'ID0019235', 'KCP KUTAI SANGATTA', '2021-01-28 16:10:17'),
(1112, 'ID0019236', 'KCP KUKAR TENGGARONG', '2021-01-28 16:10:17'),
(1113, 'ID0019237', 'KCP SURABAYA MULYOSARI', '2021-01-28 16:10:17'),
(1114, 'ID0019238', 'KCP SIDOARJO SEPANJANG 2', '2021-01-28 16:10:17'),
(1115, 'ID0019239', 'KCP BOJONEGORO SUROPT', '2021-01-28 16:10:17'),
(1116, 'ID0019240', 'KCP LAMONGAN WAHIDIN', '2021-01-28 16:10:17'),
(1117, 'ID0019241', 'KCP SURABAYA NGAGEL', '2021-01-28 16:10:17'),
(1118, 'ID0019242', 'KCP PAMEKASAN JOKOTOLE', '2021-01-28 16:10:17'),
(1119, 'ID0019243', 'KCP SURABAYA PERAK', '2021-01-28 16:10:17'),
(1120, 'ID0019244', 'KCP TUBAN BASUKI RCHMT', '2021-01-28 16:10:17'),
(1121, 'ID0019245', 'KCP SURABAYA WIYUNG 2', '2021-01-28 16:10:17'),
(1122, 'ID0019246', 'KCP PURWODADI A YANI', '2021-01-28 16:10:17'),
(1123, 'ID0019247', 'KCP KENDAL WELERI', '2021-01-28 16:10:17'),
(1124, 'ID0019248', 'KCP TULANG BAWANG BRT', '2021-01-28 16:10:17'),
(1125, 'ID0019249', 'KCP LAMPUNG NATAR', '2021-01-28 16:10:17'),
(1126, 'ID0019250', 'KCP PEMALANG SUDIRMAN', '2021-01-28 16:10:17'),
(1127, 'ID0019251', 'KCP GEDONG KUNING', '2021-01-28 16:10:17'),
(1128, 'ID0019252', 'KCP SLEMAN GODEAN', '2021-01-28 16:10:17'),
(1129, 'ID0019253', 'KCP SLEMAN PRAMBANAN', '2021-01-28 16:10:17'),
(1130, 'ID0019254', 'KCP GN KIDUL WONOSARI', '2021-01-28 16:10:17'),
(1131, 'ID0019255', 'KCP JAKARTA CIKINI 2', '2021-01-28 16:10:17'),
(1132, 'ID0019256', 'KCP KUNINGAN VETERAN', '2021-01-28 16:10:17'),
(1133, 'ID0019257', 'KCP SAROLANGUN 2', '2021-01-28 16:10:17'),
(1134, 'ID0019258', 'KCP BANDUNG SOETTA', '2021-01-28 16:10:17'),
(1135, 'ID0019259', 'KCP JAKARTA KALIMALANG', '2021-01-28 16:10:17'),
(1136, 'ID0019260', 'KCP DEPOK CIMANGGIS 2', '2021-01-28 16:10:17'),
(1137, 'ID0019261', 'KCP SBY KAPAS KRAMPUNG', '2021-01-28 16:10:17'),
(1138, 'ID0019262', 'KCP TANGERANG CILEDUG', '2021-01-28 16:10:17'),
(1139, 'ID0019263', 'KCP TNG KARAWACI 2', '2021-01-28 16:10:17'),
(1140, 'ID0019264', 'KCP JAKARTA KOJA', '2021-01-28 16:10:17'),
(1141, 'ID0019265', 'KCP JAKARTA SUNTER 2', '2021-01-28 16:10:17'),
(1142, 'ID0019266', 'KCP JKT TEBET TIMUR', '2021-01-28 16:10:17'),
(1143, 'ID0019267', 'KCP MAKASSAR PANNAMPU', '2021-01-28 16:10:17'),
(1144, 'ID0019268', 'KCP BAU BAU', '2021-01-28 16:10:17'),
(1145, 'ID0019269', 'KCP KULON PROGO', '2021-01-28 16:10:17'),
(1146, 'ID0019270', 'KCP PROBOLINGGO PANGSUD', '2021-01-28 16:10:17'),
(1147, 'ID0019271', 'KCP SITUBONDO 2', '2021-01-28 16:10:17'),
(1148, 'ID0019272', 'KCP SAMPIT', '2021-01-28 16:10:17'),
(1149, 'ID0019273', 'KCP SINGARAJA UDAYANA', '2021-01-28 16:10:17'),
(1150, 'ID0019274', 'KCP PANGKALAN BUN', '2021-01-28 16:10:17'),
(1151, 'ID0019275', 'KCP SUMENEP 3', '2021-01-28 16:10:17'),
(1152, 'ID0019276', 'KCP LAMBARO 2', '2021-01-28 16:10:17'),
(1153, 'ID0019277', 'KCP LAMPRIET', '2021-01-28 16:10:17'),
(1154, 'ID0019278', 'KCP PEUNAYONG 2', '2021-01-28 16:10:17'),
(1155, 'ID0019279', 'KCP SABANG 3', '2021-01-28 16:10:17'),
(1156, 'ID0019280', 'KCP SIMPANG SURABAYA', '2021-01-28 16:10:17'),
(1157, 'ID0019281', 'KCP BLANGKEJEREN 1', '2021-01-28 16:10:17'),
(1158, 'ID0019282', 'KCP IDI RAYEUK 3', '2021-01-28 16:10:17'),
(1159, 'ID0019283', 'KCP LANGSA', '2021-01-28 16:10:17'),
(1160, 'ID0019284', 'KCP LHOKSUKON 3', '2021-01-28 16:10:17'),
(1161, 'ID0019285', 'KCP NAGAN RAYA 2', '2021-01-28 16:10:17'),
(1162, 'ID0019286', 'KCP ULEE GLE', '2021-01-28 16:10:17'),
(1163, 'ID0019287', 'KCP BEUREUNEUN 2', '2021-01-28 16:10:17'),
(1164, 'ID0019288', 'KCP BENER MERIAH 3', '2021-01-28 16:10:17'),
(1165, 'ID0019289', 'KCP SINGKIL', '2021-01-28 16:10:17'),
(1166, 'ID0019290', 'KCP SUBULUSSALAM 3', '2021-01-28 16:10:17'),
(1167, 'ID0019291', 'UNIT DARUSSALAM', '2021-01-28 16:10:17'),
(1168, 'ID0019292', 'KCP JANTHO BANDA ACEH', '2021-01-28 16:10:17'),
(1169, 'ID0019293', 'KCP KEUTAPANG B.ACEH', '2021-01-28 16:10:17'),
(1170, 'ID0019294', 'UNIT LAMBARO B.ACEH', '2021-01-28 16:10:17'),
(1171, 'ID0019295', 'KCP PADANG SIKABU', '2021-01-28 16:10:17'),
(1172, 'ID0019296', 'KCP MEURAH DUA SIGLI', '2021-01-28 16:10:17'),
(1173, 'ID0019297', 'KCP KOTA FAJAR TPKTUAN', '2021-01-28 16:10:17'),
(1174, 'ID0019298', 'KCP LHOKNGA B.ACEH', '2021-01-28 16:10:17'),
(1175, 'ID0019299', 'UNIT SUKAMAKMUR B.ACEH', '2021-01-28 16:10:17'),
(1176, 'ID0019300', 'KCP SAREE BANDA ACEH', '2021-01-28 16:10:17'),
(1177, 'ID0019301', 'KCP SEULIMUN BD ACEH', '2021-01-28 16:10:17'),
(1178, 'ID0019302', 'KCP LAMNO BANDA ACEH', '2021-01-28 16:10:17'),
(1179, 'ID0019303', 'KCP KUALA BATEE', '2021-01-28 16:10:17'),
(1180, 'ID0019304', 'KCP CUT NYAK DIEN MLB', '2021-01-28 16:10:17'),
(1181, 'ID0019305', 'KCP INDRAJAYA SIGLI', '2021-01-28 16:10:17'),
(1182, 'ID0019306', 'KCP KOTA TAPAKTUAN', '2021-01-28 16:10:17'),
(1183, 'ID0019307', 'UNIT JAMBO TAPE', '2021-01-28 16:10:17'),
(1184, 'ID0019308', 'KCP SEUTUI', '2021-01-28 16:10:17'),
(1185, 'ID0019309', 'KCP MANGGENG BPIDIE', '2021-01-28 16:10:17'),
(1186, 'ID0019310', 'KCP PEUKAN KOTA', '2021-01-28 16:10:17'),
(1187, 'ID0019311', 'KCP JOHAN PAHLAWAN', '2021-01-28 16:10:17'),
(1188, 'ID0019312', 'KCP SAMATIGA MEULABOH', '2021-01-28 16:10:17'),
(1189, 'ID0019313', 'KCP PADANG TIJI SIGLI', '2021-01-28 16:10:17'),
(1190, 'ID0019314', 'KCP SAKTI SIGLI', '2021-01-28 16:10:17'),
(1191, 'ID0019315', 'KCP KOTA SIGLI', '2021-01-28 16:10:17'),
(1192, 'ID0019316', 'KCP SIMPANG BALIK TKNG', '2021-01-28 16:10:17'),
(1193, 'ID0019317', 'UNIT LDG RIMBA TPKTUAN', '2021-01-28 16:10:17'),
(1194, 'ID0019318', 'KCP MEUKEK TAPAKTUAN', '2021-01-28 16:10:17'),
(1195, 'ID0019319', 'KCP LABUHAN HAJI', '2021-01-28 16:10:17'),
(1196, 'ID0019320', 'KCP ISKANDAR MUDA 2', '2021-01-28 16:10:17'),
(1197, 'ID0019321', 'KCP CALANG MEULABOH', '2021-01-28 16:10:17'),
(1198, 'ID0019322', 'KCP TEUNOM MEULABOH', '2021-01-28 16:10:17'),
(1199, 'ID0019323', 'KCP GRONG-GRONG', '2021-01-28 16:10:17'),
(1200, 'ID0019324', 'KCP KEMBANG TJ SIGLI', '2021-01-28 16:10:17'),
(1201, 'ID0019325', 'KCP BANDAR BARU SIGLI', '2021-01-28 16:10:17'),
(1202, 'ID0019326', 'KCP BANDAR DUA SIGLI', '2021-01-28 16:10:17'),
(1203, 'ID0019327', 'KCP BAKONGAN TAPAKTUAN', '2021-01-28 16:10:17'),
(1204, 'ID0019328', 'KCP LIPAT KAJANG', '2021-01-28 16:10:17'),
(1205, 'ID0019329', 'KCP ALUE BILIE B.PDIE', '2021-01-28 16:10:17'),
(1206, 'ID0019330', 'UNIT SINBNG BLANGPIDIE', '2021-01-28 16:10:17'),
(1207, 'ID0019331', 'KCP KUALA MEULABOH', '2021-01-28 16:10:17'),
(1208, 'ID0019332', 'KCP SEUNAGAN', '2021-01-28 16:10:17'),
(1209, 'ID0019333', 'KCP MEUREUDU SIGLI', '2021-01-28 16:10:17'),
(1210, 'ID0019334', 'KCP TANGSE SIGLI', '2021-01-28 16:10:17'),
(1211, 'ID0019335', 'KCP TRIENGGADENG SIGLI', '2021-01-28 16:10:17'),
(1212, 'ID0019336', 'KCP SINGKIL TAPAKTUAN', '2021-01-28 16:10:17'),
(1213, 'ID0019337', 'KCP JEUMPA BIREUN', '2021-01-28 16:10:17'),
(1214, 'ID0019338', 'KCP KUTABLANG BIREUEN', '2021-01-28 16:10:17'),
(1215, 'ID0019339', 'KCP KEJURUAN MUDA', '2021-01-28 16:10:17'),
(1216, 'ID0019340', 'KCP LAUSER KUTACANE', '2021-01-28 16:10:17'),
(1217, 'ID0019341', 'KCP ALUE EI PUTEH', '2021-01-28 16:10:17'),
(1218, 'ID0019342', 'KCP BLANG JREUN', '2021-01-28 16:10:17'),
(1219, 'ID0019343', 'KCP JANGON TAKENGON', '2021-01-28 16:10:17'),
(1220, 'ID0019344', 'KCP PULAU TIGA', '2021-01-28 16:10:17'),
(1221, 'ID0019345', 'KCP TAMIANG', '2021-01-28 16:10:17'),
(1222, 'ID0019346', 'KCP KOTA KOTACANE', '2021-01-28 16:10:17'),
(1223, 'ID0019347', 'KCP LAWE SIGALAGALA K', '2021-01-28 16:10:17'),
(1224, 'ID0019348', 'KCP PANTE BIDARI LGS', '2021-01-28 16:10:17'),
(1225, 'ID0019349', 'KCP PEUREULAK LANGSA', '2021-01-28 16:10:17'),
(1226, 'ID0019350', 'KCP KUTA BINJAI LANGSA', '2021-01-28 16:10:17'),
(1227, 'ID0019351', 'KCP RANTAU PANJANG 2', '2021-01-28 16:10:17'),
(1228, 'ID0019352', 'KCP COT GIREK LHOKS', '2021-01-28 16:10:17'),
(1229, 'ID0019353', 'KCP GEUDONG 2', '2021-01-28 16:10:17'),
(1230, 'ID0019354', 'UNIT KREUNG GEUKUEH', '2021-01-28 16:10:17'),
(1231, 'ID0019355', 'KCP ANGKUP TAKENGON', '2021-01-28 16:10:17'),
(1232, 'ID0019356', 'KCP GANDAPURA BIREUEN', '2021-01-28 16:10:17'),
(1233, 'ID0019357', 'KCP JEUNIB BIREUEN', '2021-01-28 16:10:17'),
(1234, 'ID0019358', 'KCP TUALANG CUT', '2021-01-28 16:10:17'),
(1235, 'ID0019359', 'KCP INDRA MAKMU', '2021-01-28 16:10:17'),
(1236, 'ID0019360', 'KCP GAMPONG JAWA', '2021-01-28 16:10:17'),
(1237, 'ID0019361', 'KCP KRUENG MANE', '2021-01-28 16:10:17'),
(1238, 'ID0019362', 'KCP PANTON LABU LHOK', '2021-01-28 16:10:17'),
(1239, 'ID0019363', 'KCP MTG GLUMPANG DUA', '2021-01-28 16:10:17'),
(1240, 'ID0019364', 'KCP PERBATASAN', '2021-01-28 16:10:17'),
(1241, 'ID0019365', 'KCP BLANGKEJEREN 2', '2021-01-28 16:10:17'),
(1242, 'ID0019366', 'KCP SIMPANG MULIENG', '2021-01-28 16:10:17'),
(1243, 'ID0019367', 'KCP SAWANG', '2021-01-28 16:10:17'),
(1244, 'ID0019368', 'KCP BATUPHAT', '2021-01-28 16:10:17'),
(1245, 'ID0019369', 'KCP BLANG MANGAT', '2021-01-28 16:10:17'),
(1246, 'ID0019370', 'UNIT CUNDA LHOKSMW', '2021-01-28 16:10:17'),
(1247, 'ID0019371', 'UNIT PUTRI HJ TAKENGON', '2021-01-28 16:10:17'),
(1248, 'ID0019372', 'KCP BUKIT TAKENGON', '2021-01-28 16:10:17'),
(1249, 'ID0019373', 'KCP PEUDADA BIREUEN', '2021-01-28 16:10:17'),
(1250, 'ID0019374', 'KCP SAMALANGA BIREUN', '2021-01-28 16:10:17'),
(1251, 'ID0019375', 'KCP RANTAU PANJANG 1', '2021-01-28 16:10:17'),
(1252, 'ID0019376', 'KCP SUNGAI LIPUT', '2021-01-28 16:10:17'),
(1253, 'ID0019377', 'KCP KARANG BARU', '2021-01-28 16:10:17'),
(1254, 'ID0019378', 'KCP SAMUDERA', '2021-01-28 16:10:17'),
(1255, 'ID0019379', 'KCP RAKAL', '2021-01-28 16:10:17'),
(1256, 'ID0019380', 'KCP LAMPAHAN TAKENGON', '2021-01-28 16:10:17'),
(1257, 'ID0019381', 'KCP SUMBAWA WAHIDIN', '2021-01-28 16:10:17'),
(1258, 'ID0019382', 'KCP BERTAIS MANDALIKA', '2021-01-28 16:10:17'),
(1259, 'ID0019383', 'KCP MOROWALI BUNGKU', '2021-01-28 16:10:17'),
(1260, 'ID0019384', 'KCP CIREBON PLERED 2', '2021-01-28 16:10:17'),
(1261, 'ID0019385', 'KCP MALANG PANDAAN', '2021-01-28 16:10:17'),
(1262, 'ID0019386', 'KCP JAKARTA JATINEGARA', '2021-01-28 16:10:17'),
(1263, 'ID0019387', 'KCP UNGARAN DIPONEGORO', '2021-01-28 16:10:17'),
(1264, 'ID0019388', 'KCP PALEMBANG KENTEN', '2021-01-28 16:10:17'),
(1265, 'ID0019389', 'KCP PATI SUDIRMAN', '2021-01-28 16:10:17'),
(1266, 'ID0019390', 'KCP WONOGIRI RM SAID', '2021-01-28 16:10:17'),
(1267, 'ID0019391', 'KCP BANGKO 2', '2021-01-28 16:10:17'),
(1268, 'IDG', 'IT DEVELOPMENT GROUP', '2021-02-01 15:55:33'),
(1269, 'IOG', 'IT OPERATIONS GROUP', '2021-02-01 15:55:48'),
(1270, 'ISG', 'IT STRATEGIC PLANNING GROUP', '2021-02-01 15:55:16'),
(1271, 'LGG', 'LEGAL GROUP', '2021-02-01 16:08:10'),
(1272, 'MBG', 'MICRO BUSINESS GROUP', '2021-02-01 15:50:07'),
(1273, 'MCG', 'MARKETING COMMUNICATION GROUP', '2021-02-01 15:45:40'),
(1274, 'MOR', 'MARKET &AMP; OPERATIONAL GROUP', '2021-02-01 16:04:34'),
(1275, 'PPG', 'POLICY &AMP; PROCEDURE GROUP', '2021-02-01 16:04:55'),
(1276, 'PRG', 'PORTFOLIO RISK &AMP; RISK INTEGRATION GROUP', '2021-02-01 16:03:52'),
(1277, 'PTG', 'PRODUCT &AMP; TRANSACTION BANKING GROUP', '2021-02-01 15:48:41'),
(1278, 'PWG', 'PAWNING GROUP', '2021-02-01 15:50:19'),
(1279, 'RCG', 'RETAIL COLLECTION, RESTRUCTURING &AMP; RECOVERY GROUP', '2021-02-01 16:06:01'),
(1280, 'RRG', 'RETAIL RISK GROUP', '2021-02-01 16:05:14'),
(1281, 'SCG', 'STRATEGIC PROCUREMENT GROUP', '2021-02-02 09:03:44'),
(1282, 'SMG', 'SME BUSINESS GROUP', '2021-02-01 15:49:47'),
(1283, 'SPM', 'STRATEGIC PLANNING &AMP; PERFORMANCE MANAGEMENT GROUP', '2021-02-01 16:11:15'),
(1284, 'TIG', 'TREASURY &AMP; INTERNATIONAL GROUP', '2021-02-01 16:12:49'),
(1285, 'WHC', 'WHOLESALE COLLECTION, RESTRUCTURING &AMP; RECOVERY GROUP', '2021-02-01 16:06:55'),
(1286, 'WMG', 'WEALTH MANAGEMENT GROUP', '2021-02-01 15:54:20');

-- --------------------------------------------------------

--
-- Table structure for table `tbl_user`
--

CREATE TABLE `tbl_user` (
  `username` varchar(25) NOT NULL,
  `nm_user` varchar(255) NOT NULL,
  `password` varchar(255) NOT NULL,
  `lv_user` varchar(25) NOT NULL
) ENGINE=InnoDB DEFAULT CHARSET=latin1;

--
-- Dumping data for table `tbl_user`
--

INSERT INTO `tbl_user` (`username`, `nm_user`, `password`, `lv_user`) VALUES
('admin', 'Admin', '21232f297a57a5a743894a0e4a801fc3', 'admin'),
('user', 'User', 'ee11cbb19052e40b07aac0ca060c23ee', 'user');

--
-- Indexes for dumped tables
--

--
-- Indexes for table `tbl_config`
--
ALTER TABLE `tbl_config`
  ADD PRIMARY KEY (`no`);

--
-- Indexes for table `tbl_dok_keluar`
--
ALTER TABLE `tbl_dok_keluar`
  ADD PRIMARY KEY (`id_dokumen`);

--
-- Indexes for table `tbl_dok_masuk`
--
ALTER TABLE `tbl_dok_masuk`
  ADD PRIMARY KEY (`id_dokumen`);

--
-- Indexes for table `tbl_jabatan`
--
ALTER TABLE `tbl_jabatan`
  ADD PRIMARY KEY (`id_jabatan`);

--
-- Indexes for table `tbl_jns_dokumen`
--
ALTER TABLE `tbl_jns_dokumen`
  ADD PRIMARY KEY (`id_jns_dokumen`);

--
-- Indexes for table `tbl_kategori`
--
ALTER TABLE `tbl_kategori`
  ADD PRIMARY KEY (`id_kategori`);

--
-- Indexes for table `tbl_pegawai`
--
ALTER TABLE `tbl_pegawai`
  ADD PRIMARY KEY (`id_pegawai`);

--
-- Indexes for table `tbl_unit`
--
ALTER TABLE `tbl_unit`
  ADD PRIMARY KEY (`no`);

--
-- Indexes for table `tbl_user`
--
ALTER TABLE `tbl_user`
  ADD PRIMARY KEY (`username`);

--
-- AUTO_INCREMENT for dumped tables
--

--
-- AUTO_INCREMENT for table `tbl_config`
--
ALTER TABLE `tbl_config`
  MODIFY `no` int(11) NOT NULL AUTO_INCREMENT, AUTO_INCREMENT=2;

--
-- AUTO_INCREMENT for table `tbl_dok_keluar`
--
ALTER TABLE `tbl_dok_keluar`
  MODIFY `id_dokumen` int(11) NOT NULL AUTO_INCREMENT, AUTO_INCREMENT=5;

--
-- AUTO_INCREMENT for table `tbl_dok_masuk`
--
ALTER TABLE `tbl_dok_masuk`
  MODIFY `id_dokumen` int(11) NOT NULL AUTO_INCREMENT, AUTO_INCREMENT=2;

--
-- AUTO_INCREMENT for table `tbl_jabatan`
--
ALTER TABLE `tbl_jabatan`
  MODIFY `id_jabatan` int(11) NOT NULL AUTO_INCREMENT, AUTO_INCREMENT=5;

--
-- AUTO_INCREMENT for table `tbl_jns_dokumen`
--
ALTER TABLE `tbl_jns_dokumen`
  MODIFY `id_jns_dokumen` int(11) NOT NULL AUTO_INCREMENT, AUTO_INCREMENT=4;

--
-- AUTO_INCREMENT for table `tbl_kategori`
--
ALTER TABLE `tbl_kategori`
  MODIFY `id_kategori` int(11) NOT NULL AUTO_INCREMENT, AUTO_INCREMENT=6;

--
-- AUTO_INCREMENT for table `tbl_pegawai`
--
ALTER TABLE `tbl_pegawai`
  MODIFY `id_pegawai` int(11) NOT NULL AUTO_INCREMENT, AUTO_INCREMENT=15;

--
-- AUTO_INCREMENT for table `tbl_unit`
--
ALTER TABLE `tbl_unit`
  MODIFY `no` int(11) NOT NULL AUTO_INCREMENT, AUTO_INCREMENT=1287;
COMMIT;

/*!40101 SET CHARACTER_SET_CLIENT=@OLD_CHARACTER_SET_CLIENT */;
/*!40101 SET CHARACTER_SET_RESULTS=@OLD_CHARACTER_SET_RESULTS */;
/*!40101 SET COLLATION_CONNECTION=@OLD_COLLATION_CONNECTION */;
